record,type,safetyClass,blocker,remediable,remediationPerformed,finalEligibility,contentGaps,status,profileStatus
diy-ac-cleaning,DIY,YELLOW,YELLOW safety — existing system does not explicitly permit automatic public DIY publication (GREEN-only publish path; diyProceduralAllowed=GREEN only),false,none — safety-gated; content gaps noted but not remediable into eligibility without inventing safety permit,blocked,en_words_140|ar_words_81,draft,draft
diy-ac-cooling-problem-diagnosis,DIY,YELLOW,YELLOW safety — existing system does not explicitly permit automatic public DIY publication (GREEN-only publish path; diyProceduralAllowed=GREEN only),false,none — safety-gated; content gaps noted but not remediable into eligibility without inventing safety permit,blocked,en_words_146|ar_words_81,draft,draft
diy-ac-drain-cleaning,DIY,YELLOW,YELLOW safety — existing system does not explicitly permit automatic public DIY publication (GREEN-only publish path; diyProceduralAllowed=GREEN only),false,none — safety-gated; content gaps noted but not remediable into eligibility without inventing safety permit,blocked,en_words_143|ar_words_81,draft,draft
diy-ac-drain-pipe-repair,DIY,RED,RED safety gate — never force public,false,none — safety prohibited,blocked,en_words_135|ar_words_81,draft,draft
diy-ac-gas-check,DIY,RED,RED safety gate — never force public,false,none — safety prohibited,blocked,en_words_133|ar_words_81,draft,draft
diy-ac-gas-recharge,DIY,RED,RED safety gate — never force public,false,none — safety prohibited,blocked,en_words_133|ar_words_81,draft,draft
diy-ac-inspection,DIY,YELLOW,YELLOW safety — existing system does not explicitly permit automatic public DIY publication (GREEN-only publish path; diyProceduralAllowed=GREEN only),false,none — safety-gated; content gaps noted but not remediable into eligibility without inventing safety permit,blocked,en_words_140|ar_words_81,draft,draft
diy-ac-installation,DIY,RED,RED safety gate — never force public,false,none — safety prohibited,blocked,en_words_131|ar_words_81,draft,draft
diy-ac-maintenance,DIY,YELLOW,YELLOW safety — existing system does not explicitly permit automatic public DIY publication (GREEN-only publish path; diyProceduralAllowed=GREEN only),false,none — safety-gated; content gaps noted but not remediable into eligibility without inventing safety permit,blocked,en_words_130|ar_words_81,draft,draft
diy-ac-noise-problem-diagnosis,DIY,YELLOW,YELLOW safety — existing system does not explicitly permit automatic public DIY publication (GREEN-only publish path; diyProceduralAllowed=GREEN only),false,none — safety-gated; content gaps noted but not remediable into eligibility without inventing safety permit,blocked,en_words_146|ar_words_81,draft,draft
diy-ac-preventive-maintenance,DIY,YELLOW,YELLOW safety — existing system does not explicitly permit automatic public DIY publication (GREEN-only publish path; diyProceduralAllowed=GREEN only),false,none — safety-gated; content gaps noted but not remediable into eligibility without inventing safety permit,blocked,en_words_143|ar_words_81,draft,draft
diy-ac-replacement,DIY,RED,RED safety gate — never force public,false,none — safety prohibited,blocked,en_words_131|ar_words_81,draft,draft
diy-ac-servicing,DIY,YELLOW,YELLOW safety — existing system does not explicitly permit automatic public DIY publication (GREEN-only publish path; diyProceduralAllowed=GREEN only),false,none — safety-gated; content gaps noted but not remediable into eligibility without inventing safety permit,blocked,en_words_140|ar_words_81,draft,draft
diy-ac-water-leakage-repair,DIY,RED,RED safety gate — never force public,false,none — safety prohibited,blocked,en_words_135|ar_words_81,draft,draft
diy-apartment-maintenance,DIY,YELLOW,YELLOW safety — existing system does not explicitly permit automatic public DIY publication (GREEN-only publish path; diyProceduralAllowed=GREEN only),false,none — safety-gated; content gaps noted but not remediable into eligibility without inventing safety permit,blocked,en_words_139|ar_words_81,draft,draft
diy-apartment-painting,DIY,YELLOW,YELLOW safety — existing system does not explicitly permit automatic public DIY publication (GREEN-only publish path; diyProceduralAllowed=GREEN only),false,none — safety-gated; content gaps noted but not remediable into eligibility without inventing safety permit,blocked,en_words_144|ar_words_81,draft,draft
diy-building-common-area-cleaning,DIY,YELLOW,YELLOW safety — existing system does not explicitly permit automatic public DIY publication (GREEN-only publish path; diyProceduralAllowed=GREEN only),false,none — safety-gated; content gaps noted but not remediable into eligibility without inventing safety permit,blocked,en_words_122|ar_words_81,draft,draft
diy-building-maintenance,DIY,YELLOW,YELLOW safety — existing system does not explicitly permit automatic public DIY publication (GREEN-only publish path; diyProceduralAllowed=GREEN only),false,none — safety-gated; content gaps noted but not remediable into eligibility without inventing safety permit,blocked,en_words_131|ar_words_81,draft,draft
diy-cabinet-and-hardware-repair,DIY,YELLOW,YELLOW safety — existing system does not explicitly permit automatic public DIY publication (GREEN-only publish path; diyProceduralAllowed=GREEN only),false,none — safety-gated; content gaps noted but not remediable into eligibility without inventing safety permit,blocked,en_words_145|ar_words_81,draft,draft
diy-carpet-cleaning,DIY,YELLOW,YELLOW safety — existing system does not explicitly permit automatic public DIY publication (GREEN-only publish path; diyProceduralAllowed=GREEN only),false,none — safety-gated; content gaps noted but not remediable into eligibility without inventing safety permit,blocked,en_words_116|ar_words_81,draft,draft
diy-ceiling-painting,DIY,YELLOW,YELLOW safety — existing system does not explicitly permit automatic public DIY publication (GREEN-only publish path; diyProceduralAllowed=GREEN only),false,none — safety-gated; content gaps noted but not remediable into eligibility without inventing safety permit,blocked,en_words_144|ar_words_81,draft,draft
diy-central-ac-maintenance,DIY,RED,RED safety gate — never force public,false,none — safety prohibited,blocked,en_words_133|ar_words_81,draft,draft
diy-circuit-breaker-inspection,DIY,RED,RED safety gate — never force public,false,none — safety prohibited,blocked,en_words_133|ar_words_81,draft,draft
diy-circuit-breaker-replacement,DIY,RED,RED safety gate — never force public,false,none — safety prohibited,blocked,en_words_133|ar_words_81,draft,draft
diy-commercial-building-maintenance,DIY,YELLOW,YELLOW safety — existing system does not explicitly permit automatic public DIY publication (GREEN-only publish path; diyProceduralAllowed=GREEN only),false,none — safety-gated; content gaps noted but not remediable into eligibility without inventing safety permit,blocked,en_words_128|ar_words_81,draft,draft
diy-commercial-painting,DIY,YELLOW,YELLOW safety — existing system does not explicitly permit automatic public DIY publication (GREEN-only publish path; diyProceduralAllowed=GREEN only),false,none — safety-gated; content gaps noted but not remediable into eligibility without inventing safety permit,blocked,en_words_144|ar_words_81,draft,draft
diy-commercial-water-tank-cleaning,DIY,RED,RED safety gate — never force public,false,none — safety prohibited,blocked,en_words_135|ar_words_81,draft,draft
diy-common-area-maintenance,DIY,REVIEW_REQUIRED,REVIEW_REQUIRED — required human safety review not completed; cannot invent approval,false,none — REVIEW_REQUIRED not bypassed,blocked,en_words_94|ar_words_81,draft,safety_review
diy-cooker-igniter-repair,DIY,RED,RED safety gate — never force public,false,none — safety prohibited,blocked,en_words_133|ar_words_81,draft,draft
diy-cooker-knob-replacement,DIY,YELLOW,YELLOW safety — existing system does not explicitly permit automatic public DIY publication (GREEN-only publish path; diyProceduralAllowed=GREEN only),false,none — safety-gated; content gaps noted but not remediable into eligibility without inventing safety permit,blocked,en_words_145|ar_words_81,draft,draft
diy-corrective-building-maintenance,DIY,YELLOW,YELLOW safety — existing system does not explicitly permit automatic public DIY publication (GREEN-only publish path; diyProceduralAllowed=GREEN only),false,none — safety-gated; content gaps noted but not remediable into eligibility without inventing safety permit,blocked,en_words_142|ar_words_81,draft,draft
diy-cross-trainer-maintenance,DIY,REVIEW_REQUIRED,REVIEW_REQUIRED — required human safety review not completed; cannot invent approval,false,none — REVIEW_REQUIRED not bypassed,blocked,en_words_92|ar_words_81,draft,safety_review
diy-damp-wall-repair,DIY,RED,RED safety gate — never force public,false,none — safety prohibited,blocked,en_words_133|ar_words_81,draft,draft
diy-decorative-painting,DIY,YELLOW,YELLOW safety — existing system does not explicitly permit automatic public DIY publication (GREEN-only publish path; diyProceduralAllowed=GREEN only),false,none — safety-gated; content gaps noted but not remediable into eligibility without inventing safety permit,blocked,en_words_144|ar_words_81,draft,draft
diy-deep-cleaning,DIY,YELLOW,YELLOW safety — existing system does not explicitly permit automatic public DIY publication (GREEN-only publish path; diyProceduralAllowed=GREEN only),false,none — safety-gated; content gaps noted but not remediable into eligibility without inventing safety permit,blocked,en_words_121|ar_words_81,draft,draft
diy-dishwasher-control-panel-diagnosis,DIY,RED,RED safety gate — never force public,false,none — safety prohibited,blocked,en_words_135|ar_words_81,draft,draft
diy-dishwasher-door-lock-repair,DIY,YELLOW,YELLOW safety — existing system does not explicitly permit automatic public DIY publication (GREEN-only publish path; diyProceduralAllowed=GREEN only),false,none — safety-gated; content gaps noted but not remediable into eligibility without inventing safety permit,blocked,en_words_144|ar_words_81,draft,draft
diy-dishwasher-door-seal-replacement,DIY,YELLOW,YELLOW safety — existing system does not explicitly permit automatic public DIY publication (GREEN-only publish path; diyProceduralAllowed=GREEN only),false,none — safety-gated; content gaps noted but not remediable into eligibility without inventing safety permit,blocked,en_words_144|ar_words_81,draft,draft
diy-dishwasher-drainage-problem,DIY,YELLOW,YELLOW safety — existing system does not explicitly permit automatic public DIY publication (GREEN-only publish path; diyProceduralAllowed=GREEN only),false,none — safety-gated; content gaps noted but not remediable into eligibility without inventing safety permit,blocked,en_words_141|ar_words_81,draft,draft
diy-dishwasher-heating-problem,DIY,RED,RED safety gate — never force public,false,none — safety prohibited,blocked,en_words_133|ar_words_81,draft,draft
diy-dishwasher-inspection,DIY,YELLOW,YELLOW safety — existing system does not explicitly permit automatic public DIY publication (GREEN-only publish path; diyProceduralAllowed=GREEN only),false,none — safety-gated; content gaps noted but not remediable into eligibility without inventing safety permit,blocked,en_words_138|ar_words_81,draft,draft
diy-dishwasher-not-cleaning-properly,DIY,YELLOW,YELLOW safety — existing system does not explicitly permit automatic public DIY publication (GREEN-only publish path; diyProceduralAllowed=GREEN only),false,none — safety-gated; content gaps noted but not remediable into eligibility without inventing safety permit,blocked,en_words_144|ar_words_81,draft,draft
diy-dishwasher-not-starting,DIY,YELLOW,YELLOW safety — existing system does not explicitly permit automatic public DIY publication (GREEN-only publish path; diyProceduralAllowed=GREEN only),false,none — safety-gated; content gaps noted but not remediable into eligibility without inventing safety permit,blocked,en_words_141|ar_words_81,draft,draft
diy-dishwasher-poor-drying,DIY,YELLOW,YELLOW safety — existing system does not explicitly permit automatic public DIY publication (GREEN-only publish path; diyProceduralAllowed=GREEN only),false,none — safety-gated; content gaps noted but not remediable into eligibility without inventing safety permit,blocked,en_words_141|ar_words_81,draft,draft
diy-dishwasher-preventive-maintenance,DIY,YELLOW,YELLOW safety — existing system does not explicitly permit automatic public DIY publication (GREEN-only publish path; diyProceduralAllowed=GREEN only),false,none — safety-gated; content gaps noted but not remediable into eligibility without inventing safety permit,blocked,en_words_141|ar_words_81,draft,draft
diy-dishwasher-pump-inspection,DIY,RED,RED safety gate — never force public,false,none — safety prohibited,blocked,en_words_133|ar_words_81,draft,draft
diy-dishwasher-water-filling-problem,DIY,YELLOW,YELLOW safety — existing system does not explicitly permit automatic public DIY publication (GREEN-only publish path; diyProceduralAllowed=GREEN only),false,none — safety-gated; content gaps noted but not remediable into eligibility without inventing safety permit,blocked,en_words_144|ar_words_81,draft,draft
diy-dishwasher-water-leakage,DIY,YELLOW,YELLOW safety — existing system does not explicitly permit automatic public DIY publication (GREEN-only publish path; diyProceduralAllowed=GREEN only),false,none — safety-gated; content gaps noted but not remediable into eligibility without inventing safety permit,blocked,en_words_141|ar_words_81,draft,draft
diy-distribution-board-inspection,DIY,RED,RED safety gate — never force public,false,none — safety prohibited,blocked,en_words_133|ar_words_81,draft,draft
diy-door-hardware-replacement,DIY,YELLOW,YELLOW safety — existing system does not explicitly permit automatic public DIY publication (GREEN-only publish path; diyProceduralAllowed=GREEN only),false,none — safety-gated; content gaps noted but not remediable into eligibility without inventing safety permit,blocked,en_words_142|ar_words_81,draft,draft
diy-door-painting,DIY,YELLOW,YELLOW safety — existing system does not explicitly permit automatic public DIY publication (GREEN-only publish path; diyProceduralAllowed=GREEN only),false,none — safety-gated; content gaps noted but not remediable into eligibility without inventing safety permit,blocked,en_words_144|ar_words_81,draft,draft
diy-door-repair-and-adjustment,DIY,YELLOW,YELLOW safety — existing system does not explicitly permit automatic public DIY publication (GREEN-only publish path; diyProceduralAllowed=GREEN only),false,none — safety-gated; content gaps noted but not remediable into eligibility without inventing safety permit,blocked,en_words_145|ar_words_81,draft,draft
diy-drain-blockage-removal,DIY,YELLOW,YELLOW safety — existing system does not explicitly permit automatic public DIY publication (GREEN-only publish path; diyProceduralAllowed=GREEN only),false,none — safety-gated; content gaps noted but not remediable into eligibility without inventing safety permit,blocked,en_words_146|ar_words_81,draft,draft
diy-drain-cleaning,DIY,YELLOW,YELLOW safety — existing system does not explicitly permit automatic public DIY publication (GREEN-only publish path; diyProceduralAllowed=GREEN only),false,none — safety-gated; content gaps noted but not remediable into eligibility without inventing safety permit,blocked,en_words_143|ar_words_81,draft,draft
diy-ducted-ac-maintenance,DIY,RED,RED safety gate — never force public,false,none — safety prohibited,blocked,en_words_133|ar_words_81,draft,draft
diy-electric-cooker-repair,DIY,REVIEW_REQUIRED,REVIEW_REQUIRED — required human safety review not completed; cannot invent approval,false,none — REVIEW_REQUIRED not bypassed,blocked,en_words_94|ar_words_81,draft,safety_review
diy-electrical-fault-finding,DIY,RED,RED safety gate — never force public,false,none — safety prohibited,blocked,en_words_133|ar_words_81,draft,draft
diy-electrical-inspection,DIY,RED,RED safety gate — never force public,false,none — safety prohibited,blocked,en_words_131|ar_words_81,draft,draft
diy-electrical-maintenance,DIY,RED,RED safety gate — never force public,false,none — safety prohibited,blocked,en_words_131|ar_words_81,draft,draft
diy-emergency-water-heater-repair,DIY,RED,RED safety gate — never force public,false,none — safety prohibited,blocked,en_words_135|ar_words_81,draft,draft
diy-exercise-bike-maintenance,DIY,REVIEW_REQUIRED,REVIEW_REQUIRED — required human safety review not completed; cannot invent approval,false,none — REVIEW_REQUIRED not bypassed,blocked,en_words_94|ar_words_81,draft,safety_review
diy-exterior-painting,DIY,YELLOW,YELLOW safety — existing system does not explicitly permit automatic public DIY publication (GREEN-only publish path; diyProceduralAllowed=GREEN only),false,none — safety-gated; content gaps noted but not remediable into eligibility without inventing safety permit,blocked,en_words_144|ar_words_81,draft,draft
diy-fitness-equipment-inspection,DIY,REVIEW_REQUIRED,REVIEW_REQUIRED — required human safety review not completed; cannot invent approval,false,none — REVIEW_REQUIRED not bypassed,blocked,en_words_94|ar_words_81,draft,safety_review
diy-fixture-replacement,DIY,REVIEW_REQUIRED,REVIEW_REQUIRED — required human safety review not completed; cannot invent approval,false,none — REVIEW_REQUIRED not bypassed,blocked,en_words_92|ar_words_81,draft,safety_review
diy-float-valve-repair,DIY,RED,RED safety gate — never force public,false,none — safety prohibited,blocked,en_words_133|ar_words_81,draft,draft
diy-floor-drain-repair,DIY,YELLOW,YELLOW safety — existing system does not explicitly permit automatic public DIY publication (GREEN-only publish path; diyProceduralAllowed=GREEN only),false,none — safety-gated; content gaps noted but not remediable into eligibility without inventing safety permit,blocked,en_words_146|ar_words_81,draft,draft
diy-gas-burner-cleaning,DIY,YELLOW,YELLOW safety — existing system does not explicitly permit automatic public DIY publication (GREEN-only publish path; diyProceduralAllowed=GREEN only),false,none — safety-gated; content gaps noted but not remediable into eligibility without inventing safety permit,blocked,en_words_145|ar_words_81,draft,draft
diy-gas-burner-repair,DIY,RED,RED safety gate — never force public,false,none — safety prohibited,blocked,en_words_133|ar_words_81,draft,draft
diy-gas-burner-replacement,DIY,RED,RED safety gate — never force public,false,none — safety prohibited,blocked,en_words_133|ar_words_81,draft,draft
diy-gas-cooker-cleaning,DIY,YELLOW,YELLOW safety — existing system does not explicitly permit automatic public DIY publication (GREEN-only publish path; diyProceduralAllowed=GREEN only),false,none — safety-gated; content gaps noted but not remediable into eligibility without inventing safety permit,blocked,en_words_145|ar_words_81,draft,draft
diy-gas-cooker-ignition-repair,DIY,RED,RED safety gate — never force public,false,none — safety prohibited,blocked,en_words_135|ar_words_81,draft,draft
diy-gas-cooker-inspection,DIY,RED,RED safety gate — never force public,false,none — safety prohibited,blocked,en_words_133|ar_words_81,draft,draft
diy-gas-flame-problem-diagnosis,DIY,RED,RED safety gate — never force public,false,none — safety prohibited,blocked,en_words_135|ar_words_81,draft,draft
diy-gas-hose-inspection,DIY,RED,RED safety gate — never force public,false,none — safety prohibited,blocked,en_words_133|ar_words_81,draft,draft
diy-gas-hose-replacement,DIY,RED,RED safety gate — never force public,false,none — safety prohibited,blocked,en_words_133|ar_words_81,draft,draft
diy-gas-leakage-inspection,DIY,RED,RED safety gate — never force public,false,none — safety prohibited,blocked,en_words_133|ar_words_81,draft,draft
diy-gas-oven-inspection,DIY,RED,RED safety gate — never force public,false,none — safety prohibited,blocked,en_words_133|ar_words_81,draft,draft
diy-gas-valve-inspection,DIY,RED,RED safety gate — never force public,false,none — safety prohibited,blocked,en_words_133|ar_words_81,draft,draft
diy-gas-valve-replacement,DIY,RED,RED safety gate — never force public,false,none — safety prohibited,blocked,en_words_133|ar_words_81,draft,draft
diy-general-handyman-service,DIY,YELLOW,YELLOW safety — existing system does not explicitly permit automatic public DIY publication (GREEN-only publish path; diyProceduralAllowed=GREEN only),false,none — safety-gated; content gaps noted but not remediable into eligibility without inventing safety permit,blocked,en_words_142|ar_words_81,draft,draft
diy-general-property-repair,DIY,YELLOW,YELLOW safety — existing system does not explicitly permit automatic public DIY publication (GREEN-only publish path; diyProceduralAllowed=GREEN only),false,none — safety-gated; content gaps noted but not remediable into eligibility without inventing safety permit,blocked,en_words_142|ar_words_81,draft,draft
diy-glass-cleaning,DIY,YELLOW,YELLOW safety — existing system does not explicitly permit automatic public DIY publication (GREEN-only publish path; diyProceduralAllowed=GREEN only),false,none — safety-gated; content gaps noted but not remediable into eligibility without inventing safety permit,blocked,en_words_116|ar_words_81,draft,draft
diy-glass-hob-maintenance,DIY,YELLOW,YELLOW safety — existing system does not explicitly permit automatic public DIY publication (GREEN-only publish path; diyProceduralAllowed=GREEN only),false,none — safety-gated; content gaps noted but not remediable into eligibility without inventing safety permit,blocked,en_words_145|ar_words_81,draft,draft
diy-gym-cleaning-maintenance,DIY,YELLOW,YELLOW safety — existing system does not explicitly permit automatic public DIY publication (GREEN-only publish path; diyProceduralAllowed=GREEN only),false,none — safety-gated; content gaps noted but not remediable into eligibility without inventing safety permit,blocked,en_words_128|ar_words_81,draft,draft
diy-gym-disinfection,DIY,REVIEW_REQUIRED,REVIEW_REQUIRED — required human safety review not completed; cannot invent approval,false,none — REVIEW_REQUIRED not bypassed,blocked,en_words_92|ar_words_81,draft,safety_review
diy-gym-sanitization,DIY,REVIEW_REQUIRED,REVIEW_REQUIRED — required human safety review not completed; cannot invent approval,false,none — REVIEW_REQUIRED not bypassed,blocked,en_words_92|ar_words_81,draft,safety_review
diy-gypsum-wall-repair,DIY,YELLOW,YELLOW safety — existing system does not explicitly permit automatic public DIY publication (GREEN-only publish path; diyProceduralAllowed=GREEN only),false,none — safety-gated; content gaps noted but not remediable into eligibility without inventing safety permit,blocked,en_words_139|ar_words_81,draft,draft
diy-hob-cleaning,DIY,YELLOW,YELLOW safety — existing system does not explicitly permit automatic public DIY publication (GREEN-only publish path; diyProceduralAllowed=GREEN only),false,none — safety-gated; content gaps noted but not remediable into eligibility without inventing safety permit,blocked,en_words_142|ar_words_81,draft,draft
diy-induction-cooker-inspection,DIY,REVIEW_REQUIRED,REVIEW_REQUIRED — required human safety review not completed; cannot invent approval,false,none — REVIEW_REQUIRED not bypassed,blocked,en_words_94|ar_words_81,draft,safety_review
diy-interior-painting,DIY,YELLOW,YELLOW safety — existing system does not explicitly permit automatic public DIY publication (GREEN-only publish path; diyProceduralAllowed=GREEN only),false,none — safety-gated; content gaps noted but not remediable into eligibility without inventing safety permit,blocked,en_words_144|ar_words_81,draft,draft
diy-kitchen-cleaning,DIY,YELLOW,YELLOW safety — existing system does not explicitly permit automatic public DIY publication (GREEN-only publish path; diyProceduralAllowed=GREEN only),false,none — safety-gated; content gaps noted but not remediable into eligibility without inventing safety permit,blocked,en_words_118|ar_words_81,draft,draft
diy-led-light-installation,DIY,RED,RED safety gate — never force public,false,none — safety prohibited,blocked,en_words_133|ar_words_81,draft,draft
diy-led-light-replacement,DIY,RED,RED safety gate — never force public,false,none — safety prohibited,blocked,en_words_133|ar_words_81,draft,draft
diy-light-installation,DIY,RED,RED safety gate — never force public,false,none — safety prohibited,blocked,en_words_131|ar_words_81,draft,draft
diy-light-repair,DIY,RED,RED safety gate — never force public,false,none — safety prohibited,blocked,en_words_131|ar_words_81,draft,draft
diy-lock-repair-and-replacement,DIY,YELLOW,YELLOW safety — existing system does not explicitly permit automatic public DIY publication (GREEN-only publish path; diyProceduralAllowed=GREEN only),false,none — safety-gated; content gaps noted but not remediable into eligibility without inventing safety permit,blocked,en_words_145|ar_words_81,draft,draft
diy-mattress-cleaning,DIY,YELLOW,YELLOW safety — existing system does not explicitly permit automatic public DIY publication (GREEN-only publish path; diyProceduralAllowed=GREEN only),false,none — safety-gated; content gaps noted but not remediable into eligibility without inventing safety permit,blocked,en_words_115|ar_words_81,draft,draft
diy-metal-painting,DIY,YELLOW,YELLOW safety — existing system does not explicitly permit automatic public DIY publication (GREEN-only publish path; diyProceduralAllowed=GREEN only),false,none — safety-gated; content gaps noted but not remediable into eligibility without inventing safety permit,blocked,en_words_144|ar_words_81,draft,draft
diy-microwave-control-panel-problem,DIY,RED,RED safety gate — never force public,false,none — safety prohibited,blocked,en_words_135|ar_words_81,draft,draft
diy-microwave-display-problem,DIY,RED,RED safety gate — never force public,false,none — safety prohibited,blocked,en_words_133|ar_words_81,draft,draft
diy-microwave-door-problem,DIY,REVIEW_REQUIRED,REVIEW_REQUIRED — required human safety review not completed; cannot invent approval,false,none — REVIEW_REQUIRED not bypassed,blocked,en_words_94|ar_words_81,draft,safety_review
diy-microwave-door-switch-repair,DIY,RED,RED safety gate — never force public,false,none — safety prohibited,blocked,en_words_135|ar_words_81,draft,draft
diy-microwave-electrical-diagnosis,DIY,RED,RED safety gate — never force public,false,none — safety prohibited,blocked,en_words_133|ar_words_81,draft,draft
diy-microwave-fan-problem,DIY,RED,RED safety gate — never force public,false,none — safety prohibited,blocked,en_words_133|ar_words_81,draft,draft
diy-microwave-fuse-replacement,DIY,RED,RED safety gate — never force public,false,none — safety prohibited,blocked,en_words_133|ar_words_81,draft,draft
diy-microwave-heating-problem,DIY,RED,RED safety gate — never force public,false,none — safety prohibited,blocked,en_words_133|ar_words_81,draft,draft
diy-microwave-inspection,DIY,YELLOW,YELLOW safety — existing system does not explicitly permit automatic public DIY publication (GREEN-only publish path; diyProceduralAllowed=GREEN only),false,none — safety-gated; content gaps noted but not remediable into eligibility without inventing safety permit,blocked,en_words_141|ar_words_81,draft,draft
diy-microwave-no-power-diagnosis,DIY,RED,RED safety gate — never force public,false,none — safety prohibited,blocked,en_words_133|ar_words_81,draft,draft
diy-microwave-spark-problem,DIY,RED,RED safety gate — never force public,false,none — safety prohibited,blocked,en_words_133|ar_words_81,draft,draft
diy-microwave-turntable-problem,DIY,REVIEW_REQUIRED,REVIEW_REQUIRED — required human safety review not completed; cannot invent approval,false,none — REVIEW_REQUIRED not bypassed,blocked,en_words_94|ar_words_81,draft,safety_review
diy-minor-building-repairs,DIY,YELLOW,YELLOW safety — existing system does not explicitly permit automatic public DIY publication (GREEN-only publish path; diyProceduralAllowed=GREEN only),false,none — safety-gated; content gaps noted but not remediable into eligibility without inventing safety permit,blocked,en_words_142|ar_words_81,draft,draft
diy-minor-civil-maintenance,DIY,REVIEW_REQUIRED,REVIEW_REQUIRED — required human safety review not completed; cannot invent approval,false,none — REVIEW_REQUIRED not bypassed,blocked,en_words_94|ar_words_81,draft,safety_review
diy-moisture-damage-repair,DIY,RED,RED safety gate — never force public,false,none — safety prohibited,blocked,en_words_133|ar_words_81,draft,draft
diy-mold-affected-wall-treatment,DIY,RED,RED safety gate — never force public,false,none — safety prohibited,blocked,en_words_133|ar_words_81,draft,draft
diy-office-painting,DIY,YELLOW,YELLOW safety — existing system does not explicitly permit automatic public DIY publication (GREEN-only publish path; diyProceduralAllowed=GREEN only),false,none — safety-gated; content gaps noted but not remediable into eligibility without inventing safety permit,blocked,en_words_144|ar_words_81,draft,draft
diy-oven-control-panel-problem,DIY,RED,RED safety gate — never force public,false,none — safety prohibited,blocked,en_words_135|ar_words_81,draft,draft
diy-oven-door-repair,DIY,YELLOW,YELLOW safety — existing system does not explicitly permit automatic public DIY publication (GREEN-only publish path; diyProceduralAllowed=GREEN only),false,none — safety-gated; content gaps noted but not remediable into eligibility without inventing safety permit,blocked,en_words_143|ar_words_81,draft,draft
diy-oven-door-seal-replacement,DIY,YELLOW,YELLOW safety — existing system does not explicitly permit automatic public DIY publication (GREEN-only publish path; diyProceduralAllowed=GREEN only),false,none — safety-gated; content gaps noted but not remediable into eligibility without inventing safety permit,blocked,en_words_146|ar_words_81,draft,draft
diy-oven-electrical-fault-diagnosis,DIY,RED,RED safety gate — never force public,false,none — safety prohibited,blocked,en_words_135|ar_words_81,draft,draft
diy-oven-fan-repair,DIY,RED,RED safety gate — never force public,false,none — safety prohibited,blocked,en_words_133|ar_words_81,draft,draft
diy-oven-heating-element-replacement,DIY,RED,RED safety gate — never force public,false,none — safety prohibited,blocked,en_words_135|ar_words_81,draft,draft
diy-oven-inspection,DIY,YELLOW,YELLOW safety — existing system does not explicitly permit automatic public DIY publication (GREEN-only publish path; diyProceduralAllowed=GREEN only),false,none — safety-gated; content gaps noted but not remediable into eligibility without inventing safety permit,blocked,en_words_140|ar_words_81,draft,draft
diy-oven-not-heating,DIY,RED,RED safety gate — never force public,false,none — safety prohibited,blocked,en_words_133|ar_words_81,draft,draft
diy-oven-preventive-maintenance,DIY,YELLOW,YELLOW safety — existing system does not explicitly permit automatic public DIY publication (GREEN-only publish path; diyProceduralAllowed=GREEN only),false,none — safety-gated; content gaps noted but not remediable into eligibility without inventing safety permit,blocked,en_words_143|ar_words_81,draft,draft
diy-oven-temperature-problem,DIY,RED,RED safety gate — never force public,false,none — safety prohibited,blocked,en_words_133|ar_words_81,draft,draft
diy-oven-thermostat-repair,DIY,RED,RED safety gate — never force public,false,none — safety prohibited,blocked,en_words_133|ar_words_81,draft,draft
diy-oven-timer-problem,DIY,RED,RED safety gate — never force public,false,none — safety prohibited,blocked,en_words_133|ar_words_81,draft,draft
diy-oven-uneven-heating,DIY,RED,RED safety gate — never force public,false,none — safety prohibited,blocked,en_words_133|ar_words_81,draft,draft
diy-package-ac-maintenance,DIY,RED,RED safety gate — never force public,false,none — safety prohibited,blocked,en_words_133|ar_words_81,draft,draft
diy-partition-wall-repair,DIY,RED,RED safety gate — never force public,false,none — safety prohibited,blocked,en_words_133|ar_words_81,draft,draft
diy-peeling-paint-repair,DIY,YELLOW,YELLOW safety — existing system does not explicitly permit automatic public DIY publication (GREEN-only publish path; diyProceduralAllowed=GREEN only),false,none — safety-gated; content gaps noted but not remediable into eligibility without inventing safety permit,blocked,en_words_139|ar_words_81,draft,draft
diy-pipe-repair,DIY,RED,RED safety gate — never force public,false,none — safety prohibited,blocked,en_words_131|ar_words_81,draft,draft
diy-pipe-replacement,DIY,RED,RED safety gate — never force public,false,none — safety prohibited,blocked,en_words_131|ar_words_81,draft,draft
diy-plaster-repair,DIY,YELLOW,YELLOW safety — existing system does not explicitly permit automatic public DIY publication (GREEN-only publish path; diyProceduralAllowed=GREEN only),false,none — safety-gated; content gaps noted but not remediable into eligibility without inventing safety permit,blocked,en_words_136|ar_words_81,draft,draft
diy-plumbing-inspection,DIY,YELLOW,YELLOW safety — existing system does not explicitly permit automatic public DIY publication (GREEN-only publish path; diyProceduralAllowed=GREEN only),false,none — safety-gated; content gaps noted but not remediable into eligibility without inventing safety permit,blocked,en_words_143|ar_words_81,draft,draft
diy-plumbing-maintenance,DIY,YELLOW,YELLOW safety — existing system does not explicitly permit automatic public DIY publication (GREEN-only publish path; diyProceduralAllowed=GREEN only),false,none — safety-gated; content gaps noted but not remediable into eligibility without inventing safety permit,blocked,en_words_124|ar_words_81,draft,draft
diy-pool-chemical-balancing,DIY,REVIEW_REQUIRED,REVIEW_REQUIRED — required human safety review not completed; cannot invent approval,false,none — REVIEW_REQUIRED not bypassed,blocked,en_words_94|ar_words_81,draft,safety_review
diy-pool-drain-cleaning,DIY,REVIEW_REQUIRED,REVIEW_REQUIRED — required human safety review not completed; cannot invent approval,false,none — REVIEW_REQUIRED not bypassed,blocked,en_words_94|ar_words_81,draft,safety_review
diy-pool-equipment-inspection,DIY,RED,RED safety gate — never force public,false,none — safety prohibited,blocked,en_words_133|ar_words_81,draft,draft
diy-pool-filter-cleaning,DIY,REVIEW_REQUIRED,REVIEW_REQUIRED — required human safety review not completed; cannot invent approval,false,none — REVIEW_REQUIRED not bypassed,blocked,en_words_94|ar_words_81,draft,safety_review
diy-pool-filter-maintenance,DIY,REVIEW_REQUIRED,REVIEW_REQUIRED — required human safety review not completed; cannot invent approval,false,none — REVIEW_REQUIRED not bypassed,blocked,en_words_94|ar_words_81,draft,safety_review
diy-pool-leak-inspection,DIY,RED,RED safety gate — never force public,false,none — safety prohibited,blocked,en_words_133|ar_words_81,draft,draft
diy-pool-pump-inspection,DIY,RED,RED safety gate — never force public,false,none — safety prohibited,blocked,en_words_133|ar_words_81,draft,draft
diy-pool-pump-maintenance,DIY,RED,RED safety gate — never force public,false,none — safety prohibited,blocked,en_words_133|ar_words_81,draft,draft
diy-pool-water-testing,DIY,REVIEW_REQUIRED,REVIEW_REQUIRED — required human safety review not completed; cannot invent approval,false,none — REVIEW_REQUIRED not bypassed,blocked,en_words_94|ar_words_81,draft,safety_review
diy-post-construction-cleaning,DIY,YELLOW,YELLOW safety — existing system does not explicitly permit automatic public DIY publication (GREEN-only publish path; diyProceduralAllowed=GREEN only),false,none — safety-gated; content gaps noted but not remediable into eligibility without inventing safety permit,blocked,en_words_142|ar_words_81,draft,draft
diy-post-renovation-cleaning,DIY,YELLOW,YELLOW safety — existing system does not explicitly permit automatic public DIY publication (GREEN-only publish path; diyProceduralAllowed=GREEN only),false,none — safety-gated; content gaps noted but not remediable into eligibility without inventing safety permit,blocked,en_words_115|ar_words_81,draft,draft
diy-preventive-building-maintenance,DIY,YELLOW,YELLOW safety — existing system does not explicitly permit automatic public DIY publication (GREEN-only publish path; diyProceduralAllowed=GREEN only),false,none — safety-gated; content gaps noted but not remediable into eligibility without inventing safety permit,blocked,en_words_142|ar_words_81,draft,draft
diy-preventive-gym-maintenance,DIY,REVIEW_REQUIRED,REVIEW_REQUIRED — required human safety review not completed; cannot invent approval,false,none — REVIEW_REQUIRED not bypassed,blocked,en_words_94|ar_words_81,draft,safety_review
diy-refrigerator-compressor-inspection,DIY,RED,RED safety gate — never force public,false,none — safety prohibited,blocked,en_words_133|ar_words_81,draft,draft
diy-refrigerator-compressor-replacement,DIY,RED,RED safety gate — never force public,false,none — safety prohibited,blocked,en_words_133|ar_words_81,draft,draft
diy-refrigerator-cooling-problem,DIY,YELLOW,YELLOW safety — existing system does not explicitly permit automatic public DIY publication (GREEN-only publish path; diyProceduralAllowed=GREEN only),false,none — safety-gated; content gaps noted but not remediable into eligibility without inventing safety permit,blocked,en_words_140|ar_words_81,draft,draft
diy-refrigerator-drain-blockage-repair,DIY,YELLOW,YELLOW safety — existing system does not explicitly permit automatic public DIY publication (GREEN-only publish path; diyProceduralAllowed=GREEN only),false,none — safety-gated; content gaps noted but not remediable into eligibility without inventing safety permit,blocked,en_words_143|ar_words_81,draft,draft
diy-refrigerator-electrical-fault-diagnosis,DIY,RED,RED safety gate — never force public,false,none — safety prohibited,blocked,en_words_135|ar_words_81,draft,draft
diy-refrigerator-fan-motor-repair,DIY,RED,RED safety gate — never force public,false,none — safety prohibited,blocked,en_words_135|ar_words_81,draft,draft
diy-refrigerator-freezing-problem,DIY,YELLOW,YELLOW safety — existing system does not explicitly permit automatic public DIY publication (GREEN-only publish path; diyProceduralAllowed=GREEN only),false,none — safety-gated; content gaps noted but not remediable into eligibility without inventing safety permit,blocked,en_words_140|ar_words_81,draft,draft
diy-refrigerator-ice-formation-problem,DIY,YELLOW,YELLOW safety — existing system does not explicitly permit automatic public DIY publication (GREEN-only publish path; diyProceduralAllowed=GREEN only),false,none — safety-gated; content gaps noted but not remediable into eligibility without inventing safety permit,blocked,en_words_143|ar_words_81,draft,draft
diy-refrigerator-inspection,DIY,YELLOW,YELLOW safety — existing system does not explicitly permit automatic public DIY publication (GREEN-only publish path; diyProceduralAllowed=GREEN only),false,none — safety-gated; content gaps noted but not remediable into eligibility without inventing safety permit,blocked,en_words_137|ar_words_81,draft,draft
diy-refrigerator-temperature-control-repair,DIY,RED,RED safety gate — never force public,false,none — safety prohibited,blocked,en_words_135|ar_words_81,draft,draft
diy-refrigerator-thermostat-inspection,DIY,RED,RED safety gate — never force public,false,none — safety prohibited,blocked,en_words_133|ar_words_81,draft,draft
diy-refrigerator-water-leakage,DIY,YELLOW,YELLOW safety — existing system does not explicitly permit automatic public DIY publication (GREEN-only publish path; diyProceduralAllowed=GREEN only),false,none — safety-gated; content gaps noted but not remediable into eligibility without inventing safety permit,blocked,en_words_140|ar_words_81,draft,draft
diy-repainting,DIY,YELLOW,YELLOW safety — existing system does not explicitly permit automatic public DIY publication (GREEN-only publish path; diyProceduralAllowed=GREEN only),false,none — safety-gated; content gaps noted but not remediable into eligibility without inventing safety permit,blocked,en_words_141|ar_words_81,draft,draft
diy-residential-building-maintenance,DIY,YELLOW,YELLOW safety — existing system does not explicitly permit automatic public DIY publication (GREEN-only publish path; diyProceduralAllowed=GREEN only),false,none — safety-gated; content gaps noted but not remediable into eligibility without inventing safety permit,blocked,en_words_131|ar_words_81,draft,draft
diy-residential-painting,DIY,YELLOW,YELLOW safety — existing system does not explicitly permit automatic public DIY publication (GREEN-only publish path; diyProceduralAllowed=GREEN only),false,none — safety-gated; content gaps noted but not remediable into eligibility without inventing safety permit,blocked,en_words_144|ar_words_81,draft,draft
diy-residential-pool-maintenance,DIY,YELLOW,YELLOW safety — existing system does not explicitly permit automatic public DIY publication (GREEN-only publish path; diyProceduralAllowed=GREEN only),false,none — safety-gated; content gaps noted but not remediable into eligibility without inventing safety permit,blocked,en_words_143|ar_words_81,draft,draft
diy-residential-water-tank-cleaning,DIY,RED,RED safety gate — never force public,false,none — safety prohibited,blocked,en_words_135|ar_words_81,draft,draft
diy-rooftop-water-tank-cleaning,DIY,YELLOW,YELLOW safety — existing system does not explicitly permit automatic public DIY publication (GREEN-only publish path; diyProceduralAllowed=GREEN only),false,none — safety-gated; content gaps noted but not remediable into eligibility without inventing safety permit,blocked,en_words_145|ar_words_81,draft,draft
diy-running-toilet-repair,DIY,YELLOW,YELLOW safety — existing system does not explicitly permit automatic public DIY publication (GREEN-only publish path; diyProceduralAllowed=GREEN only),false,none — safety-gated; content gaps noted but not remediable into eligibility without inventing safety permit,blocked,en_words_146|ar_words_81,draft,draft
diy-sauna-disinfection,DIY,REVIEW_REQUIRED,REVIEW_REQUIRED — required human safety review not completed; cannot invent approval,false,none — REVIEW_REQUIRED not bypassed,blocked,en_words_92|ar_words_81,draft,safety_review
diy-sauna-equipment-inspection,DIY,REVIEW_REQUIRED,REVIEW_REQUIRED — required human safety review not completed; cannot invent approval,false,none — REVIEW_REQUIRED not bypassed,blocked,en_words_94|ar_words_81,draft,safety_review
diy-sauna-heater-inspection,DIY,RED,RED safety gate — never force public,false,none — safety prohibited,blocked,en_words_133|ar_words_81,draft,draft
diy-sauna-heater-maintenance,DIY,RED,RED safety gate — never force public,false,none — safety prohibited,blocked,en_words_133|ar_words_81,draft,draft
diy-sauna-inspection,DIY,YELLOW,YELLOW safety — existing system does not explicitly permit automatic public DIY publication (GREEN-only publish path; diyProceduralAllowed=GREEN only),false,none — safety-gated; content gaps noted but not remediable into eligibility without inventing safety permit,blocked,en_words_141|ar_words_81,draft,draft
diy-sauna-maintenance,DIY,YELLOW,YELLOW safety — existing system does not explicitly permit automatic public DIY publication (GREEN-only publish path; diyProceduralAllowed=GREEN only),false,none — safety-gated; content gaps noted but not remediable into eligibility without inventing safety permit,blocked,en_words_126|ar_words_81,draft,draft
diy-sauna-ventilation-inspection,DIY,RED,RED safety gate — never force public,false,none — safety prohibited,blocked,en_words_133|ar_words_81,draft,draft
diy-sauna-wood-treatment,DIY,REVIEW_REQUIRED,REVIEW_REQUIRED — required human safety review not completed; cannot invent approval,false,none — REVIEW_REQUIRED not bypassed,blocked,en_words_94|ar_words_81,draft,safety_review
diy-scheduled-water-tank-maintenance,DIY,RED,RED safety gate — never force public,false,none — safety prohibited,blocked,en_words_135|ar_words_81,draft,draft
diy-shell-ac-cleaning,DIY,YELLOW,YELLOW safety — existing system does not explicitly permit automatic public DIY publication (GREEN-only publish path; diyProceduralAllowed=GREEN only),false,none — safety-gated; content gaps noted but not remediable into eligibility without inventing safety permit,blocked,en_words_39|ar_words_81,draft,draft
diy-shell-ac-cooling-problem-diagnosis,DIY,YELLOW,YELLOW safety — existing system does not explicitly permit automatic public DIY publication (GREEN-only publish path; diyProceduralAllowed=GREEN only),false,none — safety-gated; content gaps noted but not remediable into eligibility without inventing safety permit,blocked,en_words_43|ar_words_81,draft,draft
diy-shell-ac-drain-cleaning,DIY,YELLOW,YELLOW safety — existing system does not explicitly permit automatic public DIY publication (GREEN-only publish path; diyProceduralAllowed=GREEN only),false,none — safety-gated; content gaps noted but not remediable into eligibility without inventing safety permit,blocked,en_words_41|ar_words_81,draft,draft
diy-shell-ac-drain-pipe-repair,DIY,RED,RED safety gate — never force public,false,none — safety prohibited,blocked,en_words_43|ar_words_81,draft,draft
diy-shell-ac-gas-check,DIY,RED,RED safety gate — never force public,false,none — safety prohibited,blocked,en_words_41|ar_words_81,draft,draft
diy-shell-ac-gas-recharge,DIY,RED,RED safety gate — never force public,false,none — safety prohibited,blocked,en_words_41|ar_words_81,draft,draft
diy-shell-ac-inspection,DIY,YELLOW,YELLOW safety — existing system does not explicitly permit automatic public DIY publication (GREEN-only publish path; diyProceduralAllowed=GREEN only),false,none — safety-gated; content gaps noted but not remediable into eligibility without inventing safety permit,blocked,en_words_39|ar_words_81,draft,draft
diy-shell-ac-installation,DIY,RED,RED safety gate — never force public,false,none — safety prohibited,blocked,en_words_39|ar_words_81,draft,draft
diy-shell-ac-maintenance,DIY,YELLOW,YELLOW safety — existing system does not explicitly permit automatic public DIY publication (GREEN-only publish path; diyProceduralAllowed=GREEN only),false,none — safety-gated; content gaps noted but not remediable into eligibility without inventing safety permit,blocked,en_words_45|ar_words_81,draft,draft
diy-shell-ac-noise-problem-diagnosis,DIY,YELLOW,YELLOW safety — existing system does not explicitly permit automatic public DIY publication (GREEN-only publish path; diyProceduralAllowed=GREEN only),false,none — safety-gated; content gaps noted but not remediable into eligibility without inventing safety permit,blocked,en_words_43|ar_words_81,draft,draft
diy-shell-ac-preventive-maintenance,DIY,YELLOW,YELLOW safety — existing system does not explicitly permit automatic public DIY publication (GREEN-only publish path; diyProceduralAllowed=GREEN only),false,none — safety-gated; content gaps noted but not remediable into eligibility without inventing safety permit,blocked,en_words_41|ar_words_81,draft,draft
diy-shell-ac-replacement,DIY,RED,RED safety gate — never force public,false,none — safety prohibited,blocked,en_words_39|ar_words_81,draft,draft
diy-shell-ac-servicing,DIY,YELLOW,YELLOW safety — existing system does not explicitly permit automatic public DIY publication (GREEN-only publish path; diyProceduralAllowed=GREEN only),false,none — safety-gated; content gaps noted but not remediable into eligibility without inventing safety permit,blocked,en_words_39|ar_words_81,draft,draft
diy-shell-ac-water-leakage-repair,DIY,RED,RED safety gate — never force public,false,none — safety prohibited,blocked,en_words_43|ar_words_81,draft,draft
diy-shell-apartment-maintenance,DIY,YELLOW,YELLOW safety — existing system does not explicitly permit automatic public DIY publication (GREEN-only publish path; diyProceduralAllowed=GREEN only),false,none — safety-gated; content gaps noted but not remediable into eligibility without inventing safety permit,blocked,en_words_39|ar_words_81,draft,draft
diy-shell-apartment-painting,DIY,YELLOW,YELLOW safety — existing system does not explicitly permit automatic public DIY publication (GREEN-only publish path; diyProceduralAllowed=GREEN only),false,none — safety-gated; content gaps noted but not remediable into eligibility without inventing safety permit,blocked,en_words_39|ar_words_81,draft,draft
diy-shell-building-common-area-cleaning,DIY,YELLOW,YELLOW safety — existing system does not explicitly permit automatic public DIY publication (GREEN-only publish path; diyProceduralAllowed=GREEN only),false,none — safety-gated; content gaps noted but not remediable into eligibility without inventing safety permit,blocked,en_words_43|ar_words_81,draft,draft
diy-shell-building-maintenance,DIY,YELLOW,YELLOW safety — existing system does not explicitly permit automatic public DIY publication (GREEN-only publish path; diyProceduralAllowed=GREEN only),false,none — safety-gated; content gaps noted but not remediable into eligibility without inventing safety permit,blocked,en_words_41|ar_words_81,draft,draft
diy-shell-cabinet-and-hardware-repair,DIY,YELLOW,YELLOW safety — existing system does not explicitly permit automatic public DIY publication (GREEN-only publish path; diyProceduralAllowed=GREEN only),false,none — safety-gated; content gaps noted but not remediable into eligibility without inventing safety permit,blocked,en_words_43|ar_words_81,draft,draft
diy-shell-carpet-cleaning,DIY,YELLOW,YELLOW safety — existing system does not explicitly permit automatic public DIY publication (GREEN-only publish path; diyProceduralAllowed=GREEN only),false,none — safety-gated; content gaps noted but not remediable into eligibility without inventing safety permit,blocked,en_words_39|ar_words_81,draft,draft
diy-shell-ceiling-painting,DIY,YELLOW,YELLOW safety — existing system does not explicitly permit automatic public DIY publication (GREEN-only publish path; diyProceduralAllowed=GREEN only),false,none — safety-gated; content gaps noted but not remediable into eligibility without inventing safety permit,blocked,en_words_39|ar_words_81,draft,draft
diy-shell-central-ac-maintenance,DIY,RED,RED safety gate — never force public,false,none — safety prohibited,blocked,en_words_41|ar_words_81,draft,draft
diy-shell-circuit-breaker-inspection,DIY,RED,RED safety gate — never force public,false,none — safety prohibited,blocked,en_words_41|ar_words_81,draft,draft
diy-shell-circuit-breaker-replacement,DIY,RED,RED safety gate — never force public,false,none — safety prohibited,blocked,en_words_41|ar_words_81,draft,draft
diy-shell-commercial-building-maintenance,DIY,YELLOW,YELLOW safety — existing system does not explicitly permit automatic public DIY publication (GREEN-only publish path; diyProceduralAllowed=GREEN only),false,none — safety-gated; content gaps noted but not remediable into eligibility without inventing safety permit,blocked,en_words_41|ar_words_81,draft,draft
diy-shell-commercial-painting,DIY,YELLOW,YELLOW safety — existing system does not explicitly permit automatic public DIY publication (GREEN-only publish path; diyProceduralAllowed=GREEN only),false,none — safety-gated; content gaps noted but not remediable into eligibility without inventing safety permit,blocked,en_words_39|ar_words_81,draft,draft
diy-shell-commercial-water-tank-cleaning,DIY,RED,RED safety gate — never force public,false,none — safety prohibited,blocked,en_words_43|ar_words_81,draft,draft
diy-shell-common-area-maintenance,DIY,REVIEW_REQUIRED,REVIEW_REQUIRED — required human safety review not completed; cannot invent approval,false,none — REVIEW_REQUIRED not bypassed,blocked,en_words_41|ar_words_81,draft,draft
diy-shell-cooker-igniter-repair,DIY,RED,RED safety gate — never force public,false,none — safety prohibited,blocked,en_words_41|ar_words_81,draft,draft
diy-shell-cooker-knob-replacement,DIY,YELLOW,YELLOW safety — existing system does not explicitly permit automatic public DIY publication (GREEN-only publish path; diyProceduralAllowed=GREEN only),false,none — safety-gated; content gaps noted but not remediable into eligibility without inventing safety permit,blocked,en_words_41|ar_words_81,draft,draft
diy-shell-corrective-building-maintenance,DIY,YELLOW,YELLOW safety — existing system does not explicitly permit automatic public DIY publication (GREEN-only publish path; diyProceduralAllowed=GREEN only),false,none — safety-gated; content gaps noted but not remediable into eligibility without inventing safety permit,blocked,en_words_41|ar_words_81,draft,draft
diy-shell-cross-trainer-maintenance,DIY,REVIEW_REQUIRED,REVIEW_REQUIRED — required human safety review not completed; cannot invent approval,false,none — REVIEW_REQUIRED not bypassed,blocked,en_words_39|ar_words_81,draft,draft
diy-shell-damp-wall-repair,DIY,RED,RED safety gate — never force public,false,none — safety prohibited,blocked,en_words_41|ar_words_81,draft,draft
diy-shell-decorative-painting,DIY,YELLOW,YELLOW safety — existing system does not explicitly permit automatic public DIY publication (GREEN-only publish path; diyProceduralAllowed=GREEN only),false,none — safety-gated; content gaps noted but not remediable into eligibility without inventing safety permit,blocked,en_words_39|ar_words_81,draft,draft
diy-shell-deep-cleaning,DIY,YELLOW,YELLOW safety — existing system does not explicitly permit automatic public DIY publication (GREEN-only publish path; diyProceduralAllowed=GREEN only),false,none — safety-gated; content gaps noted but not remediable into eligibility without inventing safety permit,blocked,en_words_39|ar_words_81,draft,draft
diy-shell-dishwasher-control-panel-diagnosis,DIY,RED,RED safety gate — never force public,false,none — safety prohibited,blocked,en_words_43|ar_words_81,draft,draft
diy-shell-dishwasher-door-lock-repair,DIY,YELLOW,YELLOW safety — existing system does not explicitly permit automatic public DIY publication (GREEN-only publish path; diyProceduralAllowed=GREEN only),false,none — safety-gated; content gaps noted but not remediable into eligibility without inventing safety permit,blocked,en_words_43|ar_words_81,draft,draft
diy-shell-dishwasher-door-seal-replacement,DIY,YELLOW,YELLOW safety — existing system does not explicitly permit automatic public DIY publication (GREEN-only publish path; diyProceduralAllowed=GREEN only),false,none — safety-gated; content gaps noted but not remediable into eligibility without inventing safety permit,blocked,en_words_43|ar_words_81,draft,draft
diy-shell-dishwasher-drainage-problem,DIY,YELLOW,YELLOW safety — existing system does not explicitly permit automatic public DIY publication (GREEN-only publish path; diyProceduralAllowed=GREEN only),false,none — safety-gated; content gaps noted but not remediable into eligibility without inventing safety permit,blocked,en_words_41|ar_words_81,draft,draft
diy-shell-dishwasher-heating-problem,DIY,RED,RED safety gate — never force public,false,none — safety prohibited,blocked,en_words_41|ar_words_81,draft,draft
diy-shell-dishwasher-inspection,DIY,YELLOW,YELLOW safety — existing system does not explicitly permit automatic public DIY publication (GREEN-only publish path; diyProceduralAllowed=GREEN only),false,none — safety-gated; content gaps noted but not remediable into eligibility without inventing safety permit,blocked,en_words_39|ar_words_81,draft,draft
diy-shell-dishwasher-not-cleaning-properly,DIY,YELLOW,YELLOW safety — existing system does not explicitly permit automatic public DIY publication (GREEN-only publish path; diyProceduralAllowed=GREEN only),false,none — safety-gated; content gaps noted but not remediable into eligibility without inventing safety permit,blocked,en_words_43|ar_words_81,draft,draft
diy-shell-dishwasher-not-starting,DIY,YELLOW,YELLOW safety — existing system does not explicitly permit automatic public DIY publication (GREEN-only publish path; diyProceduralAllowed=GREEN only),false,none — safety-gated; content gaps noted but not remediable into eligibility without inventing safety permit,blocked,en_words_41|ar_words_81,draft,draft
diy-shell-dishwasher-poor-drying,DIY,YELLOW,YELLOW safety — existing system does not explicitly permit automatic public DIY publication (GREEN-only publish path; diyProceduralAllowed=GREEN only),false,none — safety-gated; content gaps noted but not remediable into eligibility without inventing safety permit,blocked,en_words_41|ar_words_81,draft,draft
diy-shell-dishwasher-preventive-maintenance,DIY,YELLOW,YELLOW safety — existing system does not explicitly permit automatic public DIY publication (GREEN-only publish path; diyProceduralAllowed=GREEN only),false,none — safety-gated; content gaps noted but not remediable into eligibility without inventing safety permit,blocked,en_words_41|ar_words_81,draft,draft
diy-shell-dishwasher-pump-inspection,DIY,RED,RED safety gate — never force public,false,none — safety prohibited,blocked,en_words_41|ar_words_81,draft,draft
diy-shell-dishwasher-water-filling-problem,DIY,YELLOW,YELLOW safety — existing system does not explicitly permit automatic public DIY publication (GREEN-only publish path; diyProceduralAllowed=GREEN only),false,none — safety-gated; content gaps noted but not remediable into eligibility without inventing safety permit,blocked,en_words_43|ar_words_81,draft,draft
diy-shell-dishwasher-water-leakage,DIY,YELLOW,YELLOW safety — existing system does not explicitly permit automatic public DIY publication (GREEN-only publish path; diyProceduralAllowed=GREEN only),false,none — safety-gated; content gaps noted but not remediable into eligibility without inventing safety permit,blocked,en_words_41|ar_words_81,draft,draft
diy-shell-distribution-board-inspection,DIY,RED,RED safety gate — never force public,false,none — safety prohibited,blocked,en_words_41|ar_words_81,draft,draft
diy-shell-door-hardware-replacement,DIY,YELLOW,YELLOW safety — existing system does not explicitly permit automatic public DIY publication (GREEN-only publish path; diyProceduralAllowed=GREEN only),false,none — safety-gated; content gaps noted but not remediable into eligibility without inventing safety permit,blocked,en_words_41|ar_words_81,draft,draft
diy-shell-door-painting,DIY,YELLOW,YELLOW safety — existing system does not explicitly permit automatic public DIY publication (GREEN-only publish path; diyProceduralAllowed=GREEN only),false,none — safety-gated; content gaps noted but not remediable into eligibility without inventing safety permit,blocked,en_words_39|ar_words_81,draft,draft
diy-shell-door-repair-and-adjustment,DIY,YELLOW,YELLOW safety — existing system does not explicitly permit automatic public DIY publication (GREEN-only publish path; diyProceduralAllowed=GREEN only),false,none — safety-gated; content gaps noted but not remediable into eligibility without inventing safety permit,blocked,en_words_43|ar_words_81,draft,draft
diy-shell-drain-blockage-removal,DIY,YELLOW,YELLOW safety — existing system does not explicitly permit automatic public DIY publication (GREEN-only publish path; diyProceduralAllowed=GREEN only),false,none — safety-gated; content gaps noted but not remediable into eligibility without inventing safety permit,blocked,en_words_41|ar_words_81,draft,draft
diy-shell-drain-cleaning,DIY,YELLOW,YELLOW safety — existing system does not explicitly permit automatic public DIY publication (GREEN-only publish path; diyProceduralAllowed=GREEN only),false,none — safety-gated; content gaps noted but not remediable into eligibility without inventing safety permit,blocked,en_words_39|ar_words_81,draft,draft
diy-shell-ducted-ac-maintenance,DIY,RED,RED safety gate — never force public,false,none — safety prohibited,blocked,en_words_41|ar_words_81,draft,draft
diy-shell-electric-cooker-repair,DIY,REVIEW_REQUIRED,REVIEW_REQUIRED — required human safety review not completed; cannot invent approval,false,none — REVIEW_REQUIRED not bypassed,blocked,en_words_41|ar_words_81,draft,draft
diy-shell-electrical-fault-finding,DIY,RED,RED safety gate — never force public,false,none — safety prohibited,blocked,en_words_41|ar_words_81,draft,draft
diy-shell-electrical-inspection,DIY,RED,RED safety gate — never force public,false,none — safety prohibited,blocked,en_words_39|ar_words_81,draft,draft
diy-shell-electrical-maintenance,DIY,RED,RED safety gate — never force public,false,none — safety prohibited,blocked,en_words_39|ar_words_81,draft,draft
diy-shell-emergency-water-heater-repair,DIY,RED,RED safety gate — never force public,false,none — safety prohibited,blocked,en_words_43|ar_words_81,draft,draft
diy-shell-exercise-bike-maintenance,DIY,REVIEW_REQUIRED,REVIEW_REQUIRED — required human safety review not completed; cannot invent approval,false,none — REVIEW_REQUIRED not bypassed,blocked,en_words_41|ar_words_81,draft,draft
diy-shell-exterior-painting,DIY,YELLOW,YELLOW safety — existing system does not explicitly permit automatic public DIY publication (GREEN-only publish path; diyProceduralAllowed=GREEN only),false,none — safety-gated; content gaps noted but not remediable into eligibility without inventing safety permit,blocked,en_words_39|ar_words_81,draft,draft
diy-shell-fitness-equipment-inspection,DIY,REVIEW_REQUIRED,REVIEW_REQUIRED — required human safety review not completed; cannot invent approval,false,none — REVIEW_REQUIRED not bypassed,blocked,en_words_41|ar_words_81,draft,draft
diy-shell-fixture-replacement,DIY,REVIEW_REQUIRED,REVIEW_REQUIRED — required human safety review not completed; cannot invent approval,false,none — REVIEW_REQUIRED not bypassed,blocked,en_words_39|ar_words_81,draft,draft
diy-shell-float-valve-repair,DIY,RED,RED safety gate — never force public,false,none — safety prohibited,blocked,en_words_41|ar_words_81,draft,draft
diy-shell-floor-drain-repair,DIY,YELLOW,YELLOW safety — existing system does not explicitly permit automatic public DIY publication (GREEN-only publish path; diyProceduralAllowed=GREEN only),false,none — safety-gated; content gaps noted but not remediable into eligibility without inventing safety permit,blocked,en_words_41|ar_words_81,draft,draft
diy-shell-gas-burner-cleaning,DIY,YELLOW,YELLOW safety — existing system does not explicitly permit automatic public DIY publication (GREEN-only publish path; diyProceduralAllowed=GREEN only),false,none — safety-gated; content gaps noted but not remediable into eligibility without inventing safety permit,blocked,en_words_41|ar_words_81,draft,draft
diy-shell-gas-burner-repair,DIY,RED,RED safety gate — never force public,false,none — safety prohibited,blocked,en_words_41|ar_words_81,draft,draft
diy-shell-gas-burner-replacement,DIY,RED,RED safety gate — never force public,false,none — safety prohibited,blocked,en_words_41|ar_words_81,draft,draft
diy-shell-gas-cooker-cleaning,DIY,YELLOW,YELLOW safety — existing system does not explicitly permit automatic public DIY publication (GREEN-only publish path; diyProceduralAllowed=GREEN only),false,none — safety-gated; content gaps noted but not remediable into eligibility without inventing safety permit,blocked,en_words_41|ar_words_81,draft,draft
diy-shell-gas-cooker-ignition-repair,DIY,RED,RED safety gate — never force public,false,none — safety prohibited,blocked,en_words_43|ar_words_81,draft,draft
diy-shell-gas-cooker-inspection,DIY,RED,RED safety gate — never force public,false,none — safety prohibited,blocked,en_words_41|ar_words_81,draft,draft
diy-shell-gas-flame-problem-diagnosis,DIY,RED,RED safety gate — never force public,false,none — safety prohibited,blocked,en_words_43|ar_words_81,draft,draft
diy-shell-gas-hose-inspection,DIY,RED,RED safety gate — never force public,false,none — safety prohibited,blocked,en_words_41|ar_words_81,draft,draft
diy-shell-gas-hose-replacement,DIY,RED,RED safety gate — never force public,false,none — safety prohibited,blocked,en_words_41|ar_words_81,draft,draft
diy-shell-gas-leakage-inspection,DIY,RED,RED safety gate — never force public,false,none — safety prohibited,blocked,en_words_41|ar_words_81,draft,draft
diy-shell-gas-oven-inspection,DIY,RED,RED safety gate — never force public,false,none — safety prohibited,blocked,en_words_41|ar_words_81,draft,draft
diy-shell-gas-valve-inspection,DIY,RED,RED safety gate — never force public,false,none — safety prohibited,blocked,en_words_41|ar_words_81,draft,draft
diy-shell-gas-valve-replacement,DIY,RED,RED safety gate — never force public,false,none — safety prohibited,blocked,en_words_41|ar_words_81,draft,draft
diy-shell-general-handyman-service,DIY,YELLOW,YELLOW safety — existing system does not explicitly permit automatic public DIY publication (GREEN-only publish path; diyProceduralAllowed=GREEN only),false,none — safety-gated; content gaps noted but not remediable into eligibility without inventing safety permit,blocked,en_words_41|ar_words_81,draft,draft
diy-shell-general-property-repair,DIY,YELLOW,YELLOW safety — existing system does not explicitly permit automatic public DIY publication (GREEN-only publish path; diyProceduralAllowed=GREEN only),false,none — safety-gated; content gaps noted but not remediable into eligibility without inventing safety permit,blocked,en_words_41|ar_words_81,draft,draft
diy-shell-glass-cleaning,DIY,YELLOW,YELLOW safety — existing system does not explicitly permit automatic public DIY publication (GREEN-only publish path; diyProceduralAllowed=GREEN only),false,none — safety-gated; content gaps noted but not remediable into eligibility without inventing safety permit,blocked,en_words_39|ar_words_81,draft,draft
diy-shell-glass-hob-maintenance,DIY,YELLOW,YELLOW safety — existing system does not explicitly permit automatic public DIY publication (GREEN-only publish path; diyProceduralAllowed=GREEN only),false,none — safety-gated; content gaps noted but not remediable into eligibility without inventing safety permit,blocked,en_words_41|ar_words_81,draft,draft
diy-shell-gym-cleaning-maintenance,DIY,YELLOW,YELLOW safety — existing system does not explicitly permit automatic public DIY publication (GREEN-only publish path; diyProceduralAllowed=GREEN only),false,none — safety-gated; content gaps noted but not remediable into eligibility without inventing safety permit,blocked,en_words_43|ar_words_81,draft,draft
diy-shell-gym-disinfection,DIY,REVIEW_REQUIRED,REVIEW_REQUIRED — required human safety review not completed; cannot invent approval,false,none — REVIEW_REQUIRED not bypassed,blocked,en_words_39|ar_words_81,draft,draft
diy-shell-gym-sanitization,DIY,REVIEW_REQUIRED,REVIEW_REQUIRED — required human safety review not completed; cannot invent approval,false,none — REVIEW_REQUIRED not bypassed,blocked,en_words_39|ar_words_81,draft,draft
diy-shell-gypsum-wall-repair,DIY,YELLOW,YELLOW safety — existing system does not explicitly permit automatic public DIY publication (GREEN-only publish path; diyProceduralAllowed=GREEN only),false,none — safety-gated; content gaps noted but not remediable into eligibility without inventing safety permit,blocked,en_words_41|ar_words_81,draft,draft
diy-shell-hob-cleaning,DIY,YELLOW,YELLOW safety — existing system does not explicitly permit automatic public DIY publication (GREEN-only publish path; diyProceduralAllowed=GREEN only),false,none — safety-gated; content gaps noted but not remediable into eligibility without inventing safety permit,blocked,en_words_39|ar_words_81,draft,draft
diy-shell-induction-cooker-inspection,DIY,REVIEW_REQUIRED,REVIEW_REQUIRED — required human safety review not completed; cannot invent approval,false,none — REVIEW_REQUIRED not bypassed,blocked,en_words_41|ar_words_81,draft,draft
diy-shell-interior-painting,DIY,YELLOW,YELLOW safety — existing system does not explicitly permit automatic public DIY publication (GREEN-only publish path; diyProceduralAllowed=GREEN only),false,none — safety-gated; content gaps noted but not remediable into eligibility without inventing safety permit,blocked,en_words_39|ar_words_81,draft,draft
diy-shell-kitchen-cleaning,DIY,YELLOW,YELLOW safety — existing system does not explicitly permit automatic public DIY publication (GREEN-only publish path; diyProceduralAllowed=GREEN only),false,none — safety-gated; content gaps noted but not remediable into eligibility without inventing safety permit,blocked,en_words_39|ar_words_81,draft,draft
diy-shell-led-light-installation,DIY,RED,RED safety gate — never force public,false,none — safety prohibited,blocked,en_words_41|ar_words_81,draft,draft
diy-shell-led-light-replacement,DIY,RED,RED safety gate — never force public,false,none — safety prohibited,blocked,en_words_41|ar_words_81,draft,draft
diy-shell-light-installation,DIY,RED,RED safety gate — never force public,false,none — safety prohibited,blocked,en_words_39|ar_words_81,draft,draft
diy-shell-light-repair,DIY,RED,RED safety gate — never force public,false,none — safety prohibited,blocked,en_words_39|ar_words_81,draft,draft
diy-shell-lock-repair-and-replacement,DIY,YELLOW,YELLOW safety — existing system does not explicitly permit automatic public DIY publication (GREEN-only publish path; diyProceduralAllowed=GREEN only),false,none — safety-gated; content gaps noted but not remediable into eligibility without inventing safety permit,blocked,en_words_43|ar_words_81,draft,draft
diy-shell-mattress-cleaning,DIY,YELLOW,YELLOW safety — existing system does not explicitly permit automatic public DIY publication (GREEN-only publish path; diyProceduralAllowed=GREEN only),false,none — safety-gated; content gaps noted but not remediable into eligibility without inventing safety permit,blocked,en_words_39|ar_words_81,draft,draft
diy-shell-metal-painting,DIY,YELLOW,YELLOW safety — existing system does not explicitly permit automatic public DIY publication (GREEN-only publish path; diyProceduralAllowed=GREEN only),false,none — safety-gated; content gaps noted but not remediable into eligibility without inventing safety permit,blocked,en_words_39|ar_words_81,draft,draft
diy-shell-microwave-control-panel-problem,DIY,RED,RED safety gate — never force public,false,none — safety prohibited,blocked,en_words_43|ar_words_81,draft,draft
diy-shell-microwave-display-problem,DIY,RED,RED safety gate — never force public,false,none — safety prohibited,blocked,en_words_41|ar_words_81,draft,draft
diy-shell-microwave-door-problem,DIY,REVIEW_REQUIRED,REVIEW_REQUIRED — required human safety review not completed; cannot invent approval,false,none — REVIEW_REQUIRED not bypassed,blocked,en_words_41|ar_words_81,draft,draft
diy-shell-microwave-door-switch-repair,DIY,RED,RED safety gate — never force public,false,none — safety prohibited,blocked,en_words_43|ar_words_81,draft,draft
diy-shell-microwave-electrical-diagnosis,DIY,RED,RED safety gate — never force public,false,none — safety prohibited,blocked,en_words_41|ar_words_81,draft,draft
diy-shell-microwave-fan-problem,DIY,RED,RED safety gate — never force public,false,none — safety prohibited,blocked,en_words_41|ar_words_81,draft,draft
diy-shell-microwave-fuse-replacement,DIY,RED,RED safety gate — never force public,false,none — safety prohibited,blocked,en_words_41|ar_words_81,draft,draft
diy-shell-microwave-heating-problem,DIY,RED,RED safety gate — never force public,false,none — safety prohibited,blocked,en_words_41|ar_words_81,draft,draft
diy-shell-microwave-inspection,DIY,YELLOW,YELLOW safety — existing system does not explicitly permit automatic public DIY publication (GREEN-only publish path; diyProceduralAllowed=GREEN only),false,none — safety-gated; content gaps noted but not remediable into eligibility without inventing safety permit,blocked,en_words_39|ar_words_81,draft,draft
diy-shell-microwave-no-power-diagnosis,DIY,RED,RED safety gate — never force public,false,none — safety prohibited,blocked,en_words_41|ar_words_81,draft,draft
diy-shell-microwave-spark-problem,DIY,RED,RED safety gate — never force public,false,none — safety prohibited,blocked,en_words_41|ar_words_81,draft,draft
diy-shell-microwave-turntable-problem,DIY,REVIEW_REQUIRED,REVIEW_REQUIRED — required human safety review not completed; cannot invent approval,false,none — REVIEW_REQUIRED not bypassed,blocked,en_words_41|ar_words_81,draft,draft
diy-shell-minor-building-repairs,DIY,YELLOW,YELLOW safety — existing system does not explicitly permit automatic public DIY publication (GREEN-only publish path; diyProceduralAllowed=GREEN only),false,none — safety-gated; content gaps noted but not remediable into eligibility without inventing safety permit,blocked,en_words_41|ar_words_81,draft,draft
diy-shell-minor-civil-maintenance,DIY,REVIEW_REQUIRED,REVIEW_REQUIRED — required human safety review not completed; cannot invent approval,false,none — REVIEW_REQUIRED not bypassed,blocked,en_words_41|ar_words_81,draft,draft
diy-shell-moisture-damage-repair,DIY,RED,RED safety gate — never force public,false,none — safety prohibited,blocked,en_words_41|ar_words_81,draft,draft
diy-shell-mold-affected-wall-treatment,DIY,RED,RED safety gate — never force public,false,none — safety prohibited,blocked,en_words_41|ar_words_81,draft,draft
diy-shell-office-painting,DIY,YELLOW,YELLOW safety — existing system does not explicitly permit automatic public DIY publication (GREEN-only publish path; diyProceduralAllowed=GREEN only),false,none — safety-gated; content gaps noted but not remediable into eligibility without inventing safety permit,blocked,en_words_39|ar_words_81,draft,draft
diy-shell-oven-control-panel-problem,DIY,RED,RED safety gate — never force public,false,none — safety prohibited,blocked,en_words_43|ar_words_81,draft,draft
diy-shell-oven-door-repair,DIY,YELLOW,YELLOW safety — existing system does not explicitly permit automatic public DIY publication (GREEN-only publish path; diyProceduralAllowed=GREEN only),false,none — safety-gated; content gaps noted but not remediable into eligibility without inventing safety permit,blocked,en_words_41|ar_words_81,draft,draft
diy-shell-oven-door-seal-replacement,DIY,YELLOW,YELLOW safety — existing system does not explicitly permit automatic public DIY publication (GREEN-only publish path; diyProceduralAllowed=GREEN only),false,none — safety-gated; content gaps noted but not remediable into eligibility without inventing safety permit,blocked,en_words_43|ar_words_81,draft,draft
diy-shell-oven-electrical-fault-diagnosis,DIY,RED,RED safety gate — never force public,false,none — safety prohibited,blocked,en_words_43|ar_words_81,draft,draft
diy-shell-oven-fan-repair,DIY,RED,RED safety gate — never force public,false,none — safety prohibited,blocked,en_words_41|ar_words_81,draft,draft
diy-shell-oven-heating-element-replacement,DIY,RED,RED safety gate — never force public,false,none — safety prohibited,blocked,en_words_43|ar_words_81,draft,draft
diy-shell-oven-inspection,DIY,YELLOW,YELLOW safety — existing system does not explicitly permit automatic public DIY publication (GREEN-only publish path; diyProceduralAllowed=GREEN only),false,none — safety-gated; content gaps noted but not remediable into eligibility without inventing safety permit,blocked,en_words_39|ar_words_81,draft,draft
diy-shell-oven-not-heating,DIY,RED,RED safety gate — never force public,false,none — safety prohibited,blocked,en_words_41|ar_words_81,draft,draft
diy-shell-oven-preventive-maintenance,DIY,YELLOW,YELLOW safety — existing system does not explicitly permit automatic public DIY publication (GREEN-only publish path; diyProceduralAllowed=GREEN only),false,none — safety-gated; content gaps noted but not remediable into eligibility without inventing safety permit,blocked,en_words_41|ar_words_81,draft,draft
diy-shell-oven-temperature-problem,DIY,RED,RED safety gate — never force public,false,none — safety prohibited,blocked,en_words_41|ar_words_81,draft,draft
diy-shell-oven-thermostat-repair,DIY,RED,RED safety gate — never force public,false,none — safety prohibited,blocked,en_words_41|ar_words_81,draft,draft
diy-shell-oven-timer-problem,DIY,RED,RED safety gate — never force public,false,none — safety prohibited,blocked,en_words_41|ar_words_81,draft,draft
diy-shell-oven-uneven-heating,DIY,RED,RED safety gate — never force public,false,none — safety prohibited,blocked,en_words_41|ar_words_81,draft,draft
diy-shell-package-ac-maintenance,DIY,RED,RED safety gate — never force public,false,none — safety prohibited,blocked,en_words_41|ar_words_81,draft,draft
diy-shell-painting-services,DIY,YELLOW,YELLOW safety — existing system does not explicitly permit automatic public DIY publication (GREEN-only publish path; diyProceduralAllowed=GREEN only),false,none — safety-gated; content gaps noted but not remediable into eligibility without inventing safety permit,blocked,en_words_39|ar_words_81,draft,draft
diy-shell-partition-wall-repair,DIY,RED,RED safety gate — never force public,false,none — safety prohibited,blocked,en_words_41|ar_words_81,draft,draft
diy-shell-peeling-paint-repair,DIY,YELLOW,YELLOW safety — existing system does not explicitly permit automatic public DIY publication (GREEN-only publish path; diyProceduralAllowed=GREEN only),false,none — safety-gated; content gaps noted but not remediable into eligibility without inventing safety permit,blocked,en_words_41|ar_words_81,draft,draft
diy-shell-pipe-repair,DIY,RED,RED safety gate — never force public,false,none — safety prohibited,blocked,en_words_39|ar_words_81,draft,draft
diy-shell-pipe-replacement,DIY,RED,RED safety gate — never force public,false,none — safety prohibited,blocked,en_words_39|ar_words_81,draft,draft
diy-shell-plaster-repair,DIY,YELLOW,YELLOW safety — existing system does not explicitly permit automatic public DIY publication (GREEN-only publish path; diyProceduralAllowed=GREEN only),false,none — safety-gated; content gaps noted but not remediable into eligibility without inventing safety permit,blocked,en_words_39|ar_words_81,draft,draft
diy-shell-plumbing-inspection,DIY,YELLOW,YELLOW safety — existing system does not explicitly permit automatic public DIY publication (GREEN-only publish path; diyProceduralAllowed=GREEN only),false,none — safety-gated; content gaps noted but not remediable into eligibility without inventing safety permit,blocked,en_words_39|ar_words_81,draft,draft
diy-shell-pool-chemical-balancing,DIY,REVIEW_REQUIRED,REVIEW_REQUIRED — required human safety review not completed; cannot invent approval,false,none — REVIEW_REQUIRED not bypassed,blocked,en_words_41|ar_words_81,draft,draft
diy-shell-pool-drain-cleaning,DIY,REVIEW_REQUIRED,REVIEW_REQUIRED — required human safety review not completed; cannot invent approval,false,none — REVIEW_REQUIRED not bypassed,blocked,en_words_41|ar_words_81,draft,draft
diy-shell-pool-equipment-inspection,DIY,RED,RED safety gate — never force public,false,none — safety prohibited,blocked,en_words_41|ar_words_81,draft,draft
diy-shell-pool-filter-cleaning,DIY,REVIEW_REQUIRED,REVIEW_REQUIRED — required human safety review not completed; cannot invent approval,false,none — REVIEW_REQUIRED not bypassed,blocked,en_words_41|ar_words_81,draft,draft
diy-shell-pool-filter-maintenance,DIY,REVIEW_REQUIRED,REVIEW_REQUIRED — required human safety review not completed; cannot invent approval,false,none — REVIEW_REQUIRED not bypassed,blocked,en_words_41|ar_words_81,draft,draft
diy-shell-pool-leak-inspection,DIY,RED,RED safety gate — never force public,false,none — safety prohibited,blocked,en_words_41|ar_words_81,draft,draft
diy-shell-pool-pump-inspection,DIY,RED,RED safety gate — never force public,false,none — safety prohibited,blocked,en_words_41|ar_words_81,draft,draft
diy-shell-pool-pump-maintenance,DIY,RED,RED safety gate — never force public,false,none — safety prohibited,blocked,en_words_41|ar_words_81,draft,draft
diy-shell-pool-water-testing,DIY,REVIEW_REQUIRED,REVIEW_REQUIRED — required human safety review not completed; cannot invent approval,false,none — REVIEW_REQUIRED not bypassed,blocked,en_words_41|ar_words_81,draft,draft
diy-shell-post-construction-cleaning,DIY,YELLOW,YELLOW safety — existing system does not explicitly permit automatic public DIY publication (GREEN-only publish path; diyProceduralAllowed=GREEN only),false,none — safety-gated; content gaps noted but not remediable into eligibility without inventing safety permit,blocked,en_words_39|ar_words_81,draft,draft
diy-shell-post-renovation-cleaning,DIY,YELLOW,YELLOW safety — existing system does not explicitly permit automatic public DIY publication (GREEN-only publish path; diyProceduralAllowed=GREEN only),false,none — safety-gated; content gaps noted but not remediable into eligibility without inventing safety permit,blocked,en_words_39|ar_words_81,draft,draft
diy-shell-preventive-building-maintenance,DIY,YELLOW,YELLOW safety — existing system does not explicitly permit automatic public DIY publication (GREEN-only publish path; diyProceduralAllowed=GREEN only),false,none — safety-gated; content gaps noted but not remediable into eligibility without inventing safety permit,blocked,en_words_41|ar_words_81,draft,draft
diy-shell-preventive-gym-maintenance,DIY,REVIEW_REQUIRED,REVIEW_REQUIRED — required human safety review not completed; cannot invent approval,false,none — REVIEW_REQUIRED not bypassed,blocked,en_words_41|ar_words_81,draft,draft
diy-shell-refrigerator-compressor-inspection,DIY,RED,RED safety gate — never force public,false,none — safety prohibited,blocked,en_words_41|ar_words_81,draft,draft
diy-shell-refrigerator-compressor-replacement,DIY,RED,RED safety gate — never force public,false,none — safety prohibited,blocked,en_words_41|ar_words_81,draft,draft
diy-shell-refrigerator-cooling-problem,DIY,YELLOW,YELLOW safety — existing system does not explicitly permit automatic public DIY publication (GREEN-only publish path; diyProceduralAllowed=GREEN only),false,none — safety-gated; content gaps noted but not remediable into eligibility without inventing safety permit,blocked,en_words_41|ar_words_81,draft,draft
diy-shell-refrigerator-drain-blockage-repair,DIY,YELLOW,YELLOW safety — existing system does not explicitly permit automatic public DIY publication (GREEN-only publish path; diyProceduralAllowed=GREEN only),false,none — safety-gated; content gaps noted but not remediable into eligibility without inventing safety permit,blocked,en_words_43|ar_words_81,draft,draft
diy-shell-refrigerator-electrical-fault-diagnosis,DIY,RED,RED safety gate — never force public,false,none — safety prohibited,blocked,en_words_43|ar_words_81,draft,draft
diy-shell-refrigerator-fan-motor-repair,DIY,RED,RED safety gate — never force public,false,none — safety prohibited,blocked,en_words_43|ar_words_81,draft,draft
diy-shell-refrigerator-freezing-problem,DIY,YELLOW,YELLOW safety — existing system does not explicitly permit automatic public DIY publication (GREEN-only publish path; diyProceduralAllowed=GREEN only),false,none — safety-gated; content gaps noted but not remediable into eligibility without inventing safety permit,blocked,en_words_41|ar_words_81,draft,draft
diy-shell-refrigerator-ice-formation-problem,DIY,YELLOW,YELLOW safety — existing system does not explicitly permit automatic public DIY publication (GREEN-only publish path; diyProceduralAllowed=GREEN only),false,none — safety-gated; content gaps noted but not remediable into eligibility without inventing safety permit,blocked,en_words_43|ar_words_81,draft,draft
diy-shell-refrigerator-inspection,DIY,YELLOW,YELLOW safety — existing system does not explicitly permit automatic public DIY publication (GREEN-only publish path; diyProceduralAllowed=GREEN only),false,none — safety-gated; content gaps noted but not remediable into eligibility without inventing safety permit,blocked,en_words_39|ar_words_81,draft,draft
diy-shell-refrigerator-temperature-control-repair,DIY,RED,RED safety gate — never force public,false,none — safety prohibited,blocked,en_words_43|ar_words_81,draft,draft
diy-shell-refrigerator-thermostat-inspection,DIY,RED,RED safety gate — never force public,false,none — safety prohibited,blocked,en_words_41|ar_words_81,draft,draft
diy-shell-refrigerator-water-leakage,DIY,YELLOW,YELLOW safety — existing system does not explicitly permit automatic public DIY publication (GREEN-only publish path; diyProceduralAllowed=GREEN only),false,none — safety-gated; content gaps noted but not remediable into eligibility without inventing safety permit,blocked,en_words_41|ar_words_81,draft,draft
diy-shell-repainting,DIY,YELLOW,YELLOW safety — existing system does not explicitly permit automatic public DIY publication (GREEN-only publish path; diyProceduralAllowed=GREEN only),false,none — safety-gated; content gaps noted but not remediable into eligibility without inventing safety permit,blocked,en_words_37|ar_words_81,draft,draft
diy-shell-residential-building-maintenance,DIY,YELLOW,YELLOW safety — existing system does not explicitly permit automatic public DIY publication (GREEN-only publish path; diyProceduralAllowed=GREEN only),false,none — safety-gated; content gaps noted but not remediable into eligibility without inventing safety permit,blocked,en_words_41|ar_words_81,draft,draft
diy-shell-residential-painting,DIY,YELLOW,YELLOW safety — existing system does not explicitly permit automatic public DIY publication (GREEN-only publish path; diyProceduralAllowed=GREEN only),false,none — safety-gated; content gaps noted but not remediable into eligibility without inventing safety permit,blocked,en_words_39|ar_words_81,draft,draft
diy-shell-residential-pool-maintenance,DIY,YELLOW,YELLOW safety — existing system does not explicitly permit automatic public DIY publication (GREEN-only publish path; diyProceduralAllowed=GREEN only),false,none — safety-gated; content gaps noted but not remediable into eligibility without inventing safety permit,blocked,en_words_41|ar_words_81,draft,draft
diy-shell-residential-water-tank-cleaning,DIY,RED,RED safety gate — never force public,false,none — safety prohibited,blocked,en_words_43|ar_words_81,draft,draft
diy-shell-rooftop-water-tank-cleaning,DIY,YELLOW,YELLOW safety — existing system does not explicitly permit automatic public DIY publication (GREEN-only publish path; diyProceduralAllowed=GREEN only),false,none — safety-gated; content gaps noted but not remediable into eligibility without inventing safety permit,blocked,en_words_43|ar_words_81,draft,draft
diy-shell-running-toilet-repair,DIY,YELLOW,YELLOW safety — existing system does not explicitly permit automatic public DIY publication (GREEN-only publish path; diyProceduralAllowed=GREEN only),false,none — safety-gated; content gaps noted but not remediable into eligibility without inventing safety permit,blocked,en_words_41|ar_words_81,draft,draft
diy-shell-sauna-disinfection,DIY,REVIEW_REQUIRED,REVIEW_REQUIRED — required human safety review not completed; cannot invent approval,false,none — REVIEW_REQUIRED not bypassed,blocked,en_words_39|ar_words_81,draft,draft
diy-shell-sauna-equipment-inspection,DIY,REVIEW_REQUIRED,REVIEW_REQUIRED — required human safety review not completed; cannot invent approval,false,none — REVIEW_REQUIRED not bypassed,blocked,en_words_41|ar_words_81,draft,draft
diy-shell-sauna-heater-inspection,DIY,RED,RED safety gate — never force public,false,none — safety prohibited,blocked,en_words_41|ar_words_81,draft,draft
diy-shell-sauna-heater-maintenance,DIY,RED,RED safety gate — never force public,false,none — safety prohibited,blocked,en_words_41|ar_words_81,draft,draft
diy-shell-sauna-inspection,DIY,YELLOW,YELLOW safety — existing system does not explicitly permit automatic public DIY publication (GREEN-only publish path; diyProceduralAllowed=GREEN only),false,none — safety-gated; content gaps noted but not remediable into eligibility without inventing safety permit,blocked,en_words_39|ar_words_81,draft,draft
diy-shell-sauna-maintenance,DIY,YELLOW,YELLOW safety — existing system does not explicitly permit automatic public DIY publication (GREEN-only publish path; diyProceduralAllowed=GREEN only),false,none — safety-gated; content gaps noted but not remediable into eligibility without inventing safety permit,blocked,en_words_45|ar_words_81,draft,draft
diy-shell-sauna-ventilation-inspection,DIY,RED,RED safety gate — never force public,false,none — safety prohibited,blocked,en_words_41|ar_words_81,draft,draft
diy-shell-sauna-wood-treatment,DIY,REVIEW_REQUIRED,REVIEW_REQUIRED — required human safety review not completed; cannot invent approval,false,none — REVIEW_REQUIRED not bypassed,blocked,en_words_41|ar_words_81,draft,draft
diy-shell-scheduled-water-tank-maintenance,DIY,RED,RED safety gate — never force public,false,none — safety prohibited,blocked,en_words_43|ar_words_81,draft,draft
diy-shell-short-circuit-diagnosis,DIY,RED,RED safety gate — never force public,false,none — safety prohibited,blocked,en_words_39|ar_words_81,draft,draft
diy-shell-shower-mixer-replacement,DIY,RED,RED safety gate — never force public,false,none — safety prohibited,blocked,en_words_41|ar_words_81,draft,draft
diy-shell-shower-repair,DIY,YELLOW,YELLOW safety — existing system does not explicitly permit automatic public DIY publication (GREEN-only publish path; diyProceduralAllowed=GREEN only),false,none — safety-gated; content gaps noted but not remediable into eligibility without inventing safety permit,blocked,en_words_39|ar_words_81,draft,draft
diy-shell-sink-installation,DIY,RED,RED safety gate — never force public,false,none — safety prohibited,blocked,en_words_39|ar_words_81,draft,draft
diy-shell-sink-repair,DIY,YELLOW,YELLOW safety — existing system does not explicitly permit automatic public DIY publication (GREEN-only publish path; diyProceduralAllowed=GREEN only),false,none — safety-gated; content gaps noted but not remediable into eligibility without inventing safety permit,blocked,en_words_39|ar_words_81,draft,draft
diy-shell-socket-repair,DIY,RED,RED safety gate — never force public,false,none — safety prohibited,blocked,en_words_39|ar_words_81,draft,draft
diy-shell-socket-replacement,DIY,RED,RED safety gate — never force public,false,none — safety prohibited,blocked,en_words_39|ar_words_81,draft,draft
diy-shell-sofa-and-upholstery-cleaning,DIY,YELLOW,YELLOW safety — existing system does not explicitly permit automatic public DIY publication (GREEN-only publish path; diyProceduralAllowed=GREEN only),false,none — safety-gated; content gaps noted but not remediable into eligibility without inventing safety permit,blocked,en_words_43|ar_words_81,draft,draft
diy-shell-split-ac-maintenance,DIY,YELLOW,YELLOW safety — existing system does not explicitly permit automatic public DIY publication (GREEN-only publish path; diyProceduralAllowed=GREEN only),false,none — safety-gated; content gaps noted but not remediable into eligibility without inventing safety permit,blocked,en_words_41|ar_words_81,draft,draft
diy-shell-structural-crack-assessment,DIY,RED,RED safety gate — never force public,false,none — safety prohibited,blocked,en_words_41|ar_words_81,draft,draft
diy-shell-surface-preparation,DIY,YELLOW,YELLOW safety — existing system does not explicitly permit automatic public DIY publication (GREEN-only publish path; diyProceduralAllowed=GREEN only),false,none — safety-gated; content gaps noted but not remediable into eligibility without inventing safety permit,blocked,en_words_39|ar_words_81,draft,draft
diy-shell-swimming-pool-maintenance,DIY,YELLOW,YELLOW safety — existing system does not explicitly permit automatic public DIY publication (GREEN-only publish path; diyProceduralAllowed=GREEN only),false,none — safety-gated; content gaps noted but not remediable into eligibility without inventing safety permit,blocked,en_words_45|ar_words_81,draft,draft
diy-shell-switch-repair,DIY,RED,RED safety gate — never force public,false,none — safety prohibited,blocked,en_words_39|ar_words_81,draft,draft
diy-shell-switch-replacement,DIY,RED,RED safety gate — never force public,false,none — safety prohibited,blocked,en_words_39|ar_words_81,draft,draft
diy-shell-tank-overflow-repair,DIY,RED,RED safety gate — never force public,false,none — safety prohibited,blocked,en_words_41|ar_words_81,draft,draft
diy-shell-tank-pipe-connection-repair,DIY,RED,RED safety gate — never force public,false,none — safety prohibited,blocked,en_words_43|ar_words_81,draft,draft
diy-shell-texture-painting,DIY,YELLOW,YELLOW safety — existing system does not explicitly permit automatic public DIY publication (GREEN-only publish path; diyProceduralAllowed=GREEN only),false,none — safety-gated; content gaps noted but not remediable into eligibility without inventing safety permit,blocked,en_words_39|ar_words_81,draft,draft
diy-shell-toilet-installation,DIY,RED,RED safety gate — never force public,false,none — safety prohibited,blocked,en_words_39|ar_words_81,draft,draft
diy-shell-toilet-repair,DIY,YELLOW,YELLOW safety — existing system does not explicitly permit automatic public DIY publication (GREEN-only publish path; diyProceduralAllowed=GREEN only),false,none — safety-gated; content gaps noted but not remediable into eligibility without inventing safety permit,blocked,en_words_39|ar_words_81,draft,draft
diy-shell-treadmill-maintenance,DIY,REVIEW_REQUIRED,REVIEW_REQUIRED — required human safety review not completed; cannot invent approval,false,none — REVIEW_REQUIRED not bypassed,blocked,en_words_39|ar_words_81,draft,draft
diy-shell-underground-water-tank-cleaning,DIY,RED,RED safety gate — never force public,false,none — safety prohibited,blocked,en_words_43|ar_words_81,draft,draft
diy-shell-uneven-flame-diagnosis,DIY,RED,RED safety gate — never force public,false,none — safety prohibited,blocked,en_words_41|ar_words_81,draft,draft
diy-shell-villa-maintenance,DIY,YELLOW,YELLOW safety — existing system does not explicitly permit automatic public DIY publication (GREEN-only publish path; diyProceduralAllowed=GREEN only),false,none — safety-gated; content gaps noted but not remediable into eligibility without inventing safety permit,blocked,en_words_39|ar_words_81,draft,draft
diy-shell-villa-painting,DIY,YELLOW,YELLOW safety — existing system does not explicitly permit automatic public DIY publication (GREEN-only publish path; diyProceduralAllowed=GREEN only),false,none — safety-gated; content gaps noted but not remediable into eligibility without inventing safety permit,blocked,en_words_39|ar_words_81,draft,draft
diy-shell-villa-water-tank-cleaning,DIY,RED,RED safety gate — never force public,false,none — safety prohibited,blocked,en_words_43|ar_words_81,draft,draft
diy-shell-wall-crack-repair,DIY,YELLOW,YELLOW safety — existing system does not explicitly permit automatic public DIY publication (GREEN-only publish path; diyProceduralAllowed=GREEN only),false,none — safety-gated; content gaps noted but not remediable into eligibility without inventing safety permit,blocked,en_words_41|ar_words_81,draft,draft
diy-shell-wall-damage-repair,DIY,YELLOW,YELLOW safety — existing system does not explicitly permit automatic public DIY publication (GREEN-only publish path; diyProceduralAllowed=GREEN only),false,none — safety-gated; content gaps noted but not remediable into eligibility without inventing safety permit,blocked,en_words_41|ar_words_81,draft,draft
diy-shell-wall-hole-repair,DIY,YELLOW,YELLOW safety — existing system does not explicitly permit automatic public DIY publication (GREEN-only publish path; diyProceduralAllowed=GREEN only),false,none — safety-gated; content gaps noted but not remediable into eligibility without inventing safety permit,blocked,en_words_41|ar_words_81,draft,draft
diy-shell-wall-inspection,DIY,YELLOW,YELLOW safety — existing system does not explicitly permit automatic public DIY publication (GREEN-only publish path; diyProceduralAllowed=GREEN only),false,none — safety-gated; content gaps noted but not remediable into eligibility without inventing safety permit,blocked,en_words_39|ar_words_81,draft,draft
diy-shell-wall-maintenance,DIY,YELLOW,YELLOW safety — existing system does not explicitly permit automatic public DIY publication (GREEN-only publish path; diyProceduralAllowed=GREEN only),false,none — safety-gated; content gaps noted but not remediable into eligibility without inventing safety permit,blocked,en_words_43|ar_words_81,draft,draft
diy-shell-wall-painting,DIY,YELLOW,YELLOW safety — existing system does not explicitly permit automatic public DIY publication (GREEN-only publish path; diyProceduralAllowed=GREEN only),false,none — safety-gated; content gaps noted but not remediable into eligibility without inventing safety permit,blocked,en_words_39|ar_words_81,draft,draft
diy-shell-wall-patching,DIY,YELLOW,YELLOW safety — existing system does not explicitly permit automatic public DIY publication (GREEN-only publish path; diyProceduralAllowed=GREEN only),false,none — safety-gated; content gaps noted but not remediable into eligibility without inventing safety permit,blocked,en_words_39|ar_words_81,draft,draft
diy-shell-wall-skimming,DIY,YELLOW,YELLOW safety — existing system does not explicitly permit automatic public DIY publication (GREEN-only publish path; diyProceduralAllowed=GREEN only),false,none — safety-gated; content gaps noted but not remediable into eligibility without inventing safety permit,blocked,en_words_39|ar_words_81,draft,draft
diy-shell-washing-machine-belt-replacement,DIY,RED,RED safety gate — never force public,false,none — safety prohibited,blocked,en_words_43|ar_words_81,draft,draft
diy-shell-washing-machine-control-board-diagnosis,DIY,RED,RED safety gate — never force public,false,none — safety prohibited,blocked,en_words_45|ar_words_81,draft,draft
diy-shell-washing-machine-door-lock-problem,DIY,YELLOW,YELLOW safety — existing system does not explicitly permit automatic public DIY publication (GREEN-only publish path; diyProceduralAllowed=GREEN only),false,none — safety-gated; content gaps noted but not remediable into eligibility without inventing safety permit,blocked,en_words_45|ar_words_81,draft,draft
diy-shell-washing-machine-drainage-problem,DIY,YELLOW,YELLOW safety — existing system does not explicitly permit automatic public DIY publication (GREEN-only publish path; diyProceduralAllowed=GREEN only),false,none — safety-gated; content gaps noted but not remediable into eligibility without inventing safety permit,blocked,en_words_43|ar_words_81,draft,draft
diy-shell-washing-machine-drum-problem,DIY,RED,RED safety gate — never force public,false,none — safety prohibited,blocked,en_words_43|ar_words_81,draft,draft
diy-shell-washing-machine-excessive-noise,DIY,YELLOW,YELLOW safety — existing system does not explicitly permit automatic public DIY publication (GREEN-only publish path; diyProceduralAllowed=GREEN only),false,none — safety-gated; content gaps noted but not remediable into eligibility without inventing safety permit,blocked,en_words_43|ar_words_81,draft,draft
diy-shell-washing-machine-inspection,DIY,YELLOW,YELLOW safety — existing system does not explicitly permit automatic public DIY publication (GREEN-only publish path; diyProceduralAllowed=GREEN only),false,none — safety-gated; content gaps noted but not remediable into eligibility without inventing safety permit,blocked,en_words_41|ar_words_81,draft,draft
diy-shell-washing-machine-motor-inspection,DIY,RED,RED safety gate — never force public,false,none — safety prohibited,blocked,en_words_43|ar_words_81,draft,draft
diy-shell-washing-machine-not-spinning,DIY,YELLOW,YELLOW safety — existing system does not explicitly permit automatic public DIY publication (GREEN-only publish path; diyProceduralAllowed=GREEN only),false,none — safety-gated; content gaps noted but not remediable into eligibility without inventing safety permit,blocked,en_words_43|ar_words_81,draft,draft
diy-shell-washing-machine-not-starting,DIY,YELLOW,YELLOW safety — existing system does not explicitly permit automatic public DIY publication (GREEN-only publish path; diyProceduralAllowed=GREEN only),false,none — safety-gated; content gaps noted but not remediable into eligibility without inventing safety permit,blocked,en_words_43|ar_words_81,draft,draft
diy-shell-washing-machine-preventive-maintenance,DIY,YELLOW,YELLOW safety — existing system does not explicitly permit automatic public DIY publication (GREEN-only publish path; diyProceduralAllowed=GREEN only),false,none — safety-gated; content gaps noted but not remediable into eligibility without inventing safety permit,blocked,en_words_43|ar_words_81,draft,draft
diy-shell-washing-machine-pump-repair,DIY,RED,RED safety gate — never force public,false,none — safety prohibited,blocked,en_words_43|ar_words_81,draft,draft
diy-shell-washing-machine-vibration-problem,DIY,YELLOW,YELLOW safety — existing system does not explicitly permit automatic public DIY publication (GREEN-only publish path; diyProceduralAllowed=GREEN only),false,none — safety-gated; content gaps noted but not remediable into eligibility without inventing safety permit,blocked,en_words_43|ar_words_81,draft,draft
diy-shell-washing-machine-water-filling-problem,DIY,YELLOW,YELLOW safety — existing system does not explicitly permit automatic public DIY publication (GREEN-only publish path; diyProceduralAllowed=GREEN only),false,none — safety-gated; content gaps noted but not remediable into eligibility without inventing safety permit,blocked,en_words_45|ar_words_81,draft,draft
diy-shell-washing-machine-water-leakage,DIY,YELLOW,YELLOW safety — existing system does not explicitly permit automatic public DIY publication (GREEN-only publish path; diyProceduralAllowed=GREEN only),false,none — safety-gated; content gaps noted but not remediable into eligibility without inventing safety permit,blocked,en_words_43|ar_words_81,draft,draft
diy-shell-water-heater-cleaning,DIY,YELLOW,YELLOW safety — existing system does not explicitly permit automatic public DIY publication (GREEN-only publish path; diyProceduralAllowed=GREEN only),false,none — safety-gated; content gaps noted but not remediable into eligibility without inventing safety permit,blocked,en_words_41|ar_words_81,draft,draft
diy-shell-water-heater-electrical-fault-diagnosis,DIY,RED,RED safety gate — never force public,false,none — safety prohibited,blocked,en_words_45|ar_words_81,draft,draft
diy-shell-water-heater-heating-element-replacement,DIY,RED,RED safety gate — never force public,false,none — safety prohibited,blocked,en_words_45|ar_words_81,draft,draft
diy-shell-water-heater-inspection,DIY,YELLOW,YELLOW safety — existing system does not explicitly permit automatic public DIY publication (GREEN-only publish path; diyProceduralAllowed=GREEN only),false,none — safety-gated; content gaps noted but not remediable into eligibility without inventing safety permit,blocked,en_words_41|ar_words_81,draft,draft
diy-shell-water-heater-no-hot-water,DIY,RED,RED safety gate — never force public,false,none — safety prohibited,blocked,en_words_45|ar_words_81,draft,draft
diy-shell-water-heater-pressure-problem,DIY,RED,RED safety gate — never force public,false,none — safety prohibited,blocked,en_words_43|ar_words_81,draft,draft
diy-shell-water-heater-preventive-maintenance,DIY,YELLOW,YELLOW safety — existing system does not explicitly permit automatic public DIY publication (GREEN-only publish path; diyProceduralAllowed=GREEN only),false,none — safety-gated; content gaps noted but not remediable into eligibility without inventing safety permit,blocked,en_words_43|ar_words_81,draft,draft
diy-shell-water-heater-scale-removal,DIY,YELLOW,YELLOW safety — existing system does not explicitly permit automatic public DIY publication (GREEN-only publish path; diyProceduralAllowed=GREEN only),false,none — safety-gated; content gaps noted but not remediable into eligibility without inventing safety permit,blocked,en_words_43|ar_words_81,draft,draft
diy-shell-water-heater-slow-heating,DIY,RED,RED safety gate — never force public,false,none — safety prohibited,blocked,en_words_43|ar_words_81,draft,draft
diy-shell-water-heater-tank-inspection,DIY,YELLOW,YELLOW safety — existing system does not explicitly permit automatic public DIY publication (GREEN-only publish path; diyProceduralAllowed=GREEN only),false,none — safety-gated; content gaps noted but not remediable into eligibility without inventing safety permit,blocked,en_words_43|ar_words_81,draft,draft
diy-shell-water-heater-temperature-problem,DIY,RED,RED safety gate — never force public,false,none — safety prohibited,blocked,en_words_43|ar_words_81,draft,draft
diy-shell-water-heater-thermostat-repair,DIY,RED,RED safety gate — never force public,false,none — safety prohibited,blocked,en_words_43|ar_words_81,draft,draft
diy-shell-water-heater-valve-replacement,DIY,RED,RED safety gate — never force public,false,none — safety prohibited,blocked,en_words_43|ar_words_81,draft,draft
diy-shell-water-heater-water-leakage-repair,DIY,RED,RED safety gate — never force public,false,none — safety prohibited,blocked,en_words_45|ar_words_81,draft,draft
diy-shell-water-leakage-detection,DIY,YELLOW,YELLOW safety — existing system does not explicitly permit automatic public DIY publication (GREEN-only publish path; diyProceduralAllowed=GREEN only),false,none — safety-gated; content gaps noted but not remediable into eligibility without inventing safety permit,blocked,en_words_41|ar_words_81,draft,draft
diy-shell-water-leakage-repair,DIY,RED,RED safety gate — never force public,false,none — safety prohibited,blocked,en_words_41|ar_words_81,draft,draft
diy-shell-water-pressure-problem-diagnosis,DIY,YELLOW,YELLOW safety — existing system does not explicitly permit automatic public DIY publication (GREEN-only publish path; diyProceduralAllowed=GREEN only),false,none — safety-gated; content gaps noted but not remediable into eligibility without inventing safety permit,blocked,en_words_43|ar_words_81,draft,draft
diy-shell-water-supply-line-repair,DIY,RED,RED safety gate — never force public,false,none — safety prohibited,blocked,en_words_43|ar_words_81,draft,draft
diy-shell-water-tank-cleaning,DIY,YELLOW,YELLOW safety — existing system does not explicitly permit automatic public DIY publication (GREEN-only publish path; diyProceduralAllowed=GREEN only),false,none — safety-gated; content gaps noted but not remediable into eligibility without inventing safety permit,blocked,en_words_45|ar_words_81,draft,draft
diy-shell-water-tank-cleaning-service,DIY,RED,RED safety gate — never force public,false,none — safety prohibited,blocked,en_words_41|ar_words_81,draft,draft
diy-shell-water-tank-cover-repair,DIY,YELLOW,YELLOW safety — existing system does not explicitly permit automatic public DIY publication (GREEN-only publish path; diyProceduralAllowed=GREEN only),false,none — safety-gated; content gaps noted but not remediable into eligibility without inventing safety permit,blocked,en_words_43|ar_words_81,draft,draft
diy-shell-water-tank-disinfection,DIY,REVIEW_REQUIRED,REVIEW_REQUIRED — required human safety review not completed; cannot invent approval,false,none — REVIEW_REQUIRED not bypassed,blocked,en_words_41|ar_words_81,draft,draft
diy-shell-water-tank-inspection,DIY,YELLOW,YELLOW safety — existing system does not explicitly permit automatic public DIY publication (GREEN-only publish path; diyProceduralAllowed=GREEN only),false,none — safety-gated; content gaps noted but not remediable into eligibility without inventing safety permit,blocked,en_words_41|ar_words_81,draft,draft
diy-shell-water-tank-leak-inspection,DIY,YELLOW,YELLOW safety — existing system does not explicitly permit automatic public DIY publication (GREEN-only publish path; diyProceduralAllowed=GREEN only),false,none — safety-gated; content gaps noted but not remediable into eligibility without inventing safety permit,blocked,en_words_43|ar_words_81,draft,draft
diy-shell-water-tank-sanitization,DIY,REVIEW_REQUIRED,REVIEW_REQUIRED — required human safety review not completed; cannot invent approval,false,none — REVIEW_REQUIRED not bypassed,blocked,en_words_41|ar_words_81,draft,draft
diy-shell-water-tank-valve-repair,DIY,RED,RED safety gate — never force public,false,none — safety prohibited,blocked,en_words_43|ar_words_81,draft,draft
diy-shell-weight-equipment-maintenance,DIY,REVIEW_REQUIRED,REVIEW_REQUIRED — required human safety review not completed; cannot invent approval,false,none — REVIEW_REQUIRED not bypassed,blocked,en_words_41|ar_words_81,draft,draft
diy-shell-window-cleaning,DIY,YELLOW,YELLOW safety — existing system does not explicitly permit automatic public DIY publication (GREEN-only publish path; diyProceduralAllowed=GREEN only),false,none — safety-gated; content gaps noted but not remediable into eligibility without inventing safety permit,blocked,en_words_39|ar_words_81,draft,draft
diy-shell-wiring-inspection,DIY,RED,RED safety gate — never force public,false,none — safety prohibited,blocked,en_words_39|ar_words_81,draft,draft
diy-shell-wiring-repair,DIY,RED,RED safety gate — never force public,false,none — safety prohibited,blocked,en_words_39|ar_words_81,draft,draft
diy-shell-wiring-replacement,DIY,RED,RED safety gate — never force public,false,none — safety prohibited,blocked,en_words_39|ar_words_81,draft,draft
diy-shell-wood-painting,DIY,YELLOW,YELLOW safety — existing system does not explicitly permit automatic public DIY publication (GREEN-only publish path; diyProceduralAllowed=GREEN only),false,none — safety-gated; content gaps noted but not remediable into eligibility without inventing safety permit,blocked,en_words_39|ar_words_81,draft,draft
diy-short-circuit-diagnosis,DIY,RED,RED safety gate — never force public,false,none — safety prohibited,blocked,en_words_131|ar_words_81,draft,draft
diy-shower-mixer-replacement,DIY,RED,RED safety gate — never force public,false,none — safety prohibited,blocked,en_words_133|ar_words_81,draft,draft
diy-shower-repair,DIY,YELLOW,YELLOW safety — existing system does not explicitly permit automatic public DIY publication (GREEN-only publish path; diyProceduralAllowed=GREEN only),false,none — safety-gated; content gaps noted but not remediable into eligibility without inventing safety permit,blocked,en_words_143|ar_words_81,draft,draft
diy-sink-installation,DIY,RED,RED safety gate — never force public,false,none — safety prohibited,blocked,en_words_131|ar_words_81,draft,draft
diy-sink-repair,DIY,YELLOW,YELLOW safety — existing system does not explicitly permit automatic public DIY publication (GREEN-only publish path; diyProceduralAllowed=GREEN only),false,none — safety-gated; content gaps noted but not remediable into eligibility without inventing safety permit,blocked,en_words_143|ar_words_81,draft,draft
diy-socket-repair,DIY,RED,RED safety gate — never force public,false,none — safety prohibited,blocked,en_words_131|ar_words_81,draft,draft
diy-socket-replacement,DIY,RED,RED safety gate — never force public,false,none — safety prohibited,blocked,en_words_131|ar_words_81,draft,draft
diy-sofa-and-upholstery-cleaning,DIY,YELLOW,YELLOW safety — existing system does not explicitly permit automatic public DIY publication (GREEN-only publish path; diyProceduralAllowed=GREEN only),false,none — safety-gated; content gaps noted but not remediable into eligibility without inventing safety permit,blocked,en_words_122|ar_words_81,draft,draft
diy-split-ac-maintenance,DIY,YELLOW,YELLOW safety — existing system does not explicitly permit automatic public DIY publication (GREEN-only publish path; diyProceduralAllowed=GREEN only),false,none — safety-gated; content gaps noted but not remediable into eligibility without inventing safety permit,blocked,en_words_143|ar_words_81,draft,draft
diy-structural-crack-assessment,DIY,RED,RED safety gate — never force public,false,none — safety prohibited,blocked,en_words_133|ar_words_81,draft,draft
diy-surface-preparation,DIY,YELLOW,YELLOW safety — existing system does not explicitly permit automatic public DIY publication (GREEN-only publish path; diyProceduralAllowed=GREEN only),false,none — safety-gated; content gaps noted but not remediable into eligibility without inventing safety permit,blocked,en_words_136|ar_words_81,draft,draft
diy-swimming-pool-maintenance,DIY,YELLOW,YELLOW safety — existing system does not explicitly permit automatic public DIY publication (GREEN-only publish path; diyProceduralAllowed=GREEN only),false,none — safety-gated; content gaps noted but not remediable into eligibility without inventing safety permit,blocked,en_words_125|ar_words_81,draft,draft
diy-switch-repair,DIY,RED,RED safety gate — never force public,false,none — safety prohibited,blocked,en_words_131|ar_words_81,draft,draft
diy-switch-replacement,DIY,RED,RED safety gate — never force public,false,none — safety prohibited,blocked,en_words_131|ar_words_81,draft,draft
diy-tank-overflow-repair,DIY,RED,RED safety gate — never force public,false,none — safety prohibited,blocked,en_words_133|ar_words_81,draft,draft
diy-tank-pipe-connection-repair,DIY,RED,RED safety gate — never force public,false,none — safety prohibited,blocked,en_words_135|ar_words_81,draft,draft
diy-texture-painting,DIY,YELLOW,YELLOW safety — existing system does not explicitly permit automatic public DIY publication (GREEN-only publish path; diyProceduralAllowed=GREEN only),false,none — safety-gated; content gaps noted but not remediable into eligibility without inventing safety permit,blocked,en_words_144|ar_words_81,draft,draft
diy-toilet-installation,DIY,RED,RED safety gate — never force public,false,none — safety prohibited,blocked,en_words_131|ar_words_81,draft,draft
diy-toilet-repair,DIY,YELLOW,YELLOW safety — existing system does not explicitly permit automatic public DIY publication (GREEN-only publish path; diyProceduralAllowed=GREEN only),false,none — safety-gated; content gaps noted but not remediable into eligibility without inventing safety permit,blocked,en_words_143|ar_words_81,draft,draft
diy-treadmill-maintenance,DIY,REVIEW_REQUIRED,REVIEW_REQUIRED — required human safety review not completed; cannot invent approval,false,none — REVIEW_REQUIRED not bypassed,blocked,en_words_92|ar_words_81,draft,safety_review
diy-underground-water-tank-cleaning,DIY,RED,RED safety gate — never force public,false,none — safety prohibited,blocked,en_words_135|ar_words_81,draft,draft
diy-uneven-flame-diagnosis,DIY,RED,RED safety gate — never force public,false,none — safety prohibited,blocked,en_words_133|ar_words_81,draft,draft
diy-villa-maintenance,DIY,YELLOW,YELLOW safety — existing system does not explicitly permit automatic public DIY publication (GREEN-only publish path; diyProceduralAllowed=GREEN only),false,none — safety-gated; content gaps noted but not remediable into eligibility without inventing safety permit,blocked,en_words_139|ar_words_81,draft,draft
diy-villa-painting,DIY,YELLOW,YELLOW safety — existing system does not explicitly permit automatic public DIY publication (GREEN-only publish path; diyProceduralAllowed=GREEN only),false,none — safety-gated; content gaps noted but not remediable into eligibility without inventing safety permit,blocked,en_words_144|ar_words_81,draft,draft
diy-villa-water-tank-cleaning,DIY,RED,RED safety gate — never force public,false,none — safety prohibited,blocked,en_words_135|ar_words_81,draft,draft
diy-wall-crack-repair,DIY,YELLOW,YELLOW safety — existing system does not explicitly permit automatic public DIY publication (GREEN-only publish path; diyProceduralAllowed=GREEN only),false,none — safety-gated; content gaps noted but not remediable into eligibility without inventing safety permit,blocked,en_words_139|ar_words_81,draft,draft
diy-wall-damage-repair,DIY,YELLOW,YELLOW safety — existing system does not explicitly permit automatic public DIY publication (GREEN-only publish path; diyProceduralAllowed=GREEN only),false,none — safety-gated; content gaps noted but not remediable into eligibility without inventing safety permit,blocked,en_words_139|ar_words_81,draft,draft
diy-wall-hole-repair,DIY,YELLOW,YELLOW safety — existing system does not explicitly permit automatic public DIY publication (GREEN-only publish path; diyProceduralAllowed=GREEN only),false,none — safety-gated; content gaps noted but not remediable into eligibility without inventing safety permit,blocked,en_words_139|ar_words_81,draft,draft
diy-wall-inspection,DIY,YELLOW,YELLOW safety — existing system does not explicitly permit automatic public DIY publication (GREEN-only publish path; diyProceduralAllowed=GREEN only),false,none — safety-gated; content gaps noted but not remediable into eligibility without inventing safety permit,blocked,en_words_136|ar_words_81,draft,draft
diy-wall-maintenance,DIY,YELLOW,YELLOW safety — existing system does not explicitly permit automatic public DIY publication (GREEN-only publish path; diyProceduralAllowed=GREEN only),false,none — safety-gated; content gaps noted but not remediable into eligibility without inventing safety permit,blocked,en_words_128|ar_words_81,draft,draft
diy-wall-painting,DIY,YELLOW,YELLOW safety — existing system does not explicitly permit automatic public DIY publication (GREEN-only publish path; diyProceduralAllowed=GREEN only),false,none — safety-gated; content gaps noted but not remediable into eligibility without inventing safety permit,blocked,en_words_144|ar_words_81,draft,draft
diy-wall-patching,DIY,YELLOW,YELLOW safety — existing system does not explicitly permit automatic public DIY publication (GREEN-only publish path; diyProceduralAllowed=GREEN only),false,none — safety-gated; content gaps noted but not remediable into eligibility without inventing safety permit,blocked,en_words_136|ar_words_81,draft,draft
diy-wall-skimming,DIY,YELLOW,YELLOW safety — existing system does not explicitly permit automatic public DIY publication (GREEN-only publish path; diyProceduralAllowed=GREEN only),false,none — safety-gated; content gaps noted but not remediable into eligibility without inventing safety permit,blocked,en_words_136|ar_words_81,draft,draft
diy-washing-machine-belt-replacement,DIY,RED,RED safety gate — never force public,false,none — safety prohibited,blocked,en_words_135|ar_words_81,draft,draft
diy-washing-machine-control-board-diagnosis,DIY,RED,RED safety gate — never force public,false,none — safety prohibited,blocked,en_words_137|ar_words_81,draft,draft
diy-washing-machine-door-lock-problem,DIY,YELLOW,YELLOW safety — existing system does not explicitly permit automatic public DIY publication (GREEN-only publish path; diyProceduralAllowed=GREEN only),false,none — safety-gated; content gaps noted but not remediable into eligibility without inventing safety permit,blocked,en_words_148|ar_words_81,draft,draft
diy-washing-machine-drainage-problem,DIY,YELLOW,YELLOW safety — existing system does not explicitly permit automatic public DIY publication (GREEN-only publish path; diyProceduralAllowed=GREEN only),false,none — safety-gated; content gaps noted but not remediable into eligibility without inventing safety permit,blocked,en_words_145|ar_words_81,draft,draft
diy-washing-machine-drum-problem,DIY,RED,RED safety gate — never force public,false,none — safety prohibited,blocked,en_words_135|ar_words_81,draft,draft
diy-washing-machine-excessive-noise,DIY,YELLOW,YELLOW safety — existing system does not explicitly permit automatic public DIY publication (GREEN-only publish path; diyProceduralAllowed=GREEN only),false,none — safety-gated; content gaps noted but not remediable into eligibility without inventing safety permit,blocked,en_words_145|ar_words_81,draft,draft
diy-washing-machine-inspection,DIY,YELLOW,YELLOW safety — existing system does not explicitly permit automatic public DIY publication (GREEN-only publish path; diyProceduralAllowed=GREEN only),false,none — safety-gated; content gaps noted but not remediable into eligibility without inventing safety permit,blocked,en_words_142|ar_words_81,draft,draft
diy-washing-machine-motor-inspection,DIY,RED,RED safety gate — never force public,false,none — safety prohibited,blocked,en_words_135|ar_words_81,draft,draft
diy-washing-machine-not-spinning,DIY,YELLOW,YELLOW safety — existing system does not explicitly permit automatic public DIY publication (GREEN-only publish path; diyProceduralAllowed=GREEN only),false,none — safety-gated; content gaps noted but not remediable into eligibility without inventing safety permit,blocked,en_words_145|ar_words_81,draft,draft
diy-washing-machine-not-starting,DIY,YELLOW,YELLOW safety — existing system does not explicitly permit automatic public DIY publication (GREEN-only publish path; diyProceduralAllowed=GREEN only),false,none — safety-gated; content gaps noted but not remediable into eligibility without inventing safety permit,blocked,en_words_145|ar_words_81,draft,draft
diy-washing-machine-preventive-maintenance,DIY,YELLOW,YELLOW safety — existing system does not explicitly permit automatic public DIY publication (GREEN-only publish path; diyProceduralAllowed=GREEN only),false,none — safety-gated; content gaps noted but not remediable into eligibility without inventing safety permit,blocked,en_words_145|ar_words_81,draft,draft
diy-washing-machine-pump-repair,DIY,RED,RED safety gate — never force public,false,none — safety prohibited,blocked,en_words_135|ar_words_81,draft,draft
diy-washing-machine-vibration-problem,DIY,YELLOW,YELLOW safety — existing system does not explicitly permit automatic public DIY publication (GREEN-only publish path; diyProceduralAllowed=GREEN only),false,none — safety-gated; content gaps noted but not remediable into eligibility without inventing safety permit,blocked,en_words_145|ar_words_81,draft,draft
diy-washing-machine-water-filling-problem,DIY,YELLOW,YELLOW safety — existing system does not explicitly permit automatic public DIY publication (GREEN-only publish path; diyProceduralAllowed=GREEN only),false,none — safety-gated; content gaps noted but not remediable into eligibility without inventing safety permit,blocked,en_words_148|ar_words_81,draft,draft
diy-washing-machine-water-leakage,DIY,YELLOW,YELLOW safety — existing system does not explicitly permit automatic public DIY publication (GREEN-only publish path; diyProceduralAllowed=GREEN only),false,none — safety-gated; content gaps noted but not remediable into eligibility without inventing safety permit,blocked,en_words_145|ar_words_81,draft,draft
diy-water-heater-cleaning,DIY,YELLOW,YELLOW safety — existing system does not explicitly permit automatic public DIY publication (GREEN-only publish path; diyProceduralAllowed=GREEN only),false,none — safety-gated; content gaps noted but not remediable into eligibility without inventing safety permit,blocked,en_words_145|ar_words_81,draft,draft
diy-water-heater-electrical-fault-diagnosis,DIY,RED,RED safety gate — never force public,false,none — safety prohibited,blocked,en_words_137|ar_words_81,draft,draft
diy-water-heater-heating-element-replacement,DIY,RED,RED safety gate — never force public,false,none — safety prohibited,blocked,en_words_137|ar_words_81,draft,draft
diy-water-heater-inspection,DIY,YELLOW,YELLOW safety — existing system does not explicitly permit automatic public DIY publication (GREEN-only publish path; diyProceduralAllowed=GREEN only),false,none — safety-gated; content gaps noted but not remediable into eligibility without inventing safety permit,blocked,en_words_145|ar_words_81,draft,draft
diy-water-heater-no-hot-water,DIY,RED,RED safety gate — never force public,false,none — safety prohibited,blocked,en_words_137|ar_words_81,draft,draft
diy-water-heater-pressure-problem,DIY,RED,RED safety gate — never force public,false,none — safety prohibited,blocked,en_words_135|ar_words_81,draft,draft
diy-water-heater-preventive-maintenance,DIY,YELLOW,YELLOW safety — existing system does not explicitly permit automatic public DIY publication (GREEN-only publish path; diyProceduralAllowed=GREEN only),false,none — safety-gated; content gaps noted but not remediable into eligibility without inventing safety permit,blocked,en_words_148|ar_words_81,draft,draft
diy-water-heater-scale-removal,DIY,YELLOW,YELLOW safety — existing system does not explicitly permit automatic public DIY publication (GREEN-only publish path; diyProceduralAllowed=GREEN only),false,none — safety-gated; content gaps noted but not remediable into eligibility without inventing safety permit,blocked,en_words_148|ar_words_81,draft,draft
diy-water-heater-slow-heating,DIY,RED,RED safety gate — never force public,false,none — safety prohibited,blocked,en_words_135|ar_words_81,draft,draft
diy-water-heater-tank-inspection,DIY,YELLOW,YELLOW safety — existing system does not explicitly permit automatic public DIY publication (GREEN-only publish path; diyProceduralAllowed=GREEN only),false,none — safety-gated; content gaps noted but not remediable into eligibility without inventing safety permit,blocked,en_words_148|ar_words_81,draft,draft
diy-water-heater-temperature-problem,DIY,RED,RED safety gate — never force public,false,none — safety prohibited,blocked,en_words_135|ar_words_81,draft,draft
diy-water-heater-thermostat-repair,DIY,RED,RED safety gate — never force public,false,none — safety prohibited,blocked,en_words_135|ar_words_81,draft,draft
diy-water-heater-valve-replacement,DIY,RED,RED safety gate — never force public,false,none — safety prohibited,blocked,en_words_135|ar_words_81,draft,draft
diy-water-heater-water-leakage-repair,DIY,RED,RED safety gate — never force public,false,none — safety prohibited,blocked,en_words_137|ar_words_81,draft,draft
diy-water-leakage-detection,DIY,YELLOW,YELLOW safety — existing system does not explicitly permit automatic public DIY publication (GREEN-only publish path; diyProceduralAllowed=GREEN only),false,none — safety-gated; content gaps noted but not remediable into eligibility without inventing safety permit,blocked,en_words_146|ar_words_81,draft,draft
diy-water-leakage-repair,DIY,RED,RED safety gate — never force public,false,none — safety prohibited,blocked,en_words_133|ar_words_81,draft,draft
diy-water-pressure-problem-diagnosis,DIY,YELLOW,YELLOW safety — existing system does not explicitly permit automatic public DIY publication (GREEN-only publish path; diyProceduralAllowed=GREEN only),false,none — safety-gated; content gaps noted but not remediable into eligibility without inventing safety permit,blocked,en_words_149|ar_words_81,draft,draft
diy-water-supply-line-repair,DIY,RED,RED safety gate — never force public,false,none — safety prohibited,blocked,en_words_135|ar_words_81,draft,draft
diy-water-tank-cleaning,DIY,YELLOW,YELLOW safety — existing system does not explicitly permit automatic public DIY publication (GREEN-only publish path; diyProceduralAllowed=GREEN only),false,none — safety-gated; content gaps noted but not remediable into eligibility without inventing safety permit,blocked,en_words_129|ar_words_81,draft,draft
diy-water-tank-cleaning-service,DIY,RED,RED safety gate — never force public,false,none — safety prohibited,blocked,en_words_133|ar_words_81,draft,draft
diy-water-tank-cover-repair,DIY,YELLOW,YELLOW safety — existing system does not explicitly permit automatic public DIY publication (GREEN-only publish path; diyProceduralAllowed=GREEN only),false,none — safety-gated; content gaps noted but not remediable into eligibility without inventing safety permit,blocked,en_words_145|ar_words_81,draft,draft
diy-water-tank-disinfection,DIY,REVIEW_REQUIRED,REVIEW_REQUIRED — required human safety review not completed; cannot invent approval,false,none — REVIEW_REQUIRED not bypassed,blocked,en_words_94|ar_words_81,draft,safety_review
diy-water-tank-inspection,DIY,YELLOW,YELLOW safety — existing system does not explicitly permit automatic public DIY publication (GREEN-only publish path; diyProceduralAllowed=GREEN only),false,none — safety-gated; content gaps noted but not remediable into eligibility without inventing safety permit,blocked,en_words_142|ar_words_81,draft,draft
diy-water-tank-leak-inspection,DIY,YELLOW,YELLOW safety — existing system does not explicitly permit automatic public DIY publication (GREEN-only publish path; diyProceduralAllowed=GREEN only),false,none — safety-gated; content gaps noted but not remediable into eligibility without inventing safety permit,blocked,en_words_145|ar_words_81,draft,draft
diy-water-tank-sanitization,DIY,REVIEW_REQUIRED,REVIEW_REQUIRED — required human safety review not completed; cannot invent approval,false,none — REVIEW_REQUIRED not bypassed,blocked,en_words_94|ar_words_81,draft,safety_review
diy-water-tank-valve-repair,DIY,RED,RED safety gate — never force public,false,none — safety prohibited,blocked,en_words_135|ar_words_81,draft,draft
diy-weight-equipment-maintenance,DIY,REVIEW_REQUIRED,REVIEW_REQUIRED — required human safety review not completed; cannot invent approval,false,none — REVIEW_REQUIRED not bypassed,blocked,en_words_94|ar_words_81,draft,safety_review
diy-window-cleaning,DIY,YELLOW,YELLOW safety — existing system does not explicitly permit automatic public DIY publication (GREEN-only publish path; diyProceduralAllowed=GREEN only),false,none — safety-gated; content gaps noted but not remediable into eligibility without inventing safety permit,blocked,en_words_125|ar_words_81,draft,draft
diy-wiring-inspection,DIY,RED,RED safety gate — never force public,false,none — safety prohibited,blocked,en_words_131|ar_words_81,draft,draft
diy-wiring-repair,DIY,RED,RED safety gate — never force public,false,none — safety prohibited,blocked,en_words_131|ar_words_81,draft,draft
diy-wiring-replacement,DIY,RED,RED safety gate — never force public,false,none — safety prohibited,blocked,en_words_131|ar_words_81,draft,draft
diy-wood-painting,DIY,YELLOW,YELLOW safety — existing system does not explicitly permit automatic public DIY publication (GREEN-only publish path; diyProceduralAllowed=GREEN only),false,none — safety-gated; content gaps noted but not remediable into eligibility without inventing safety permit,blocked,en_words_144|ar_words_81,draft,draft
how-to-check-a-small-wall-crack,DIY,YELLOW,YELLOW safety — existing system does not explicitly permit automatic public DIY publication (GREEN-only publish path; diyProceduralAllowed=GREEN only),false,none — safety-gated; content gaps noted but not remediable into eligibility without inventing safety permit,blocked,en_words_112|ar_words_99,draft,draft
how-to-clean-a-bathroom,DIY,GREEN,legacy non-primary duplicate; primary public guide is diy-bathroom-cleaning,false,none — intentional primary dedupe; do not publish duplicate,blocked,en_words_97|ar_words_89,draft,draft
how-to-touch-up-interior-paint,DIY,YELLOW,YELLOW safety — existing system does not explicitly permit automatic public DIY publication (GREEN-only publish path; diyProceduralAllowed=GREEN only),false,none — safety-gated; content gaps noted but not remediable into eligibility without inventing safety permit,blocked,en_words_108|ar_words_92,draft,draft
how-to-unclog-a-sink-safely,DIY,YELLOW,YELLOW safety — existing system does not explicitly permit automatic public DIY publication (GREEN-only publish path; diyProceduralAllowed=GREEN only),false,none — safety-gated; content gaps noted but not remediable into eligibility without inventing safety permit,blocked,en_words_107|ar_words_96,draft,draft
